EDAD,AVG_DH,MINUTES_DH,EXPERIENCIA,Unnamed: 10,GENERO_FEMENINO,GENERO_MASCULINO,TRACK_DH_DATA,TRACK_DH_EJECUTIVO,TRACK_DH_MARKETING,TRACK_DH_PROGRAMACION,ESTUDIO_PREV_BUSINESS,ESTUDIO_PREV_COMMERCIAL,ESTUDIO_PREV_DEVELOPMENT,ESTUDIO_PREV_ENGINEERING,ESTUDIO_PREV_MARKETING,NV_ESTUDIO_POST_GRADUATE,NV_ESTUDIO_TERTIARY,NV_ESTUDIO_UNIVERSITARY,RESIDENCIA_ARGENTINA,RESIDENCIA_BRAZIL,RESIDENCIA_MEXICO,m1,m2,m3,m4,target
43.0,3.8,4557.9,,,0,1,0,0,0,1,0,0,0,1,0,1,0,0,1,0,0,False,False,False,True,91.196846
42.0,3.5,4656.2,25.6,,1,0,1,0,0,0,0,1,0,0,0,0,0,1,0,1,0,False,False,False,False,101.34932
35.0,4.0,4695.2,19.0,,1,0,0,0,0,0,0,0,1,0,0,0,0,1,1,0,0,False,False,False,False,98.02576
35.0,4.1,4778.2,18.4,,0,0,0,0,1,0,0,0,1,0,0,0,1,0,0,0,1,False,False,False,False,93.265526
36.0,4.0,4722.3,19.1,,0,1,0,0,0,1,0,1,0,0,0,1,0,0,0,0,0,False,False,False,False,86.91984
26.0,3.7,,2.7,,0,1,0,0,0,0,0,0,0,1,0,0,0,0,1,0,0,False,False,True,False,83.81185
20.0,3.6,,0.5,,0,1,0,0,0,0,0,0,0,1,0,1,0,0,0,1,0,False,False,True,False,83.04979
37.0,3.3,4349.0,21.5,,1,0,0,0,0,1,0,0,0,0,1,1,0,0,1,0,0,False,False,False,False,102.403366
37.0,3.2,4368.1,21.6,,1,0,0,0,0,0,0,0,1,0,0,0,0,0,0,1,0,False,False,False,False,99.92298
,3.7,4711.8,26.0,,0,0,0,0,0,0,0,0,0,1,0,0,0,1,0,1,0,True,False,False,False,93.72847
33.0,3.1,,14.4,,1,0,0,0,1,0,0,0,0,1,0,0,0,1,0,1,0,False,False,True,False,95.552414
35.0,4.0,4757.6,18.5,,1,0,0,0,1,0,0,0,0,1,0,0,1,0,0,1,0,False,False,False,False,98.40309
34.0,3.0,,15.8,,1,0,0,0,1,0,0,0,0,1,0,0,1,0,1,0,0,False,False,True,False,99.174446
35.0,,4664.7,18.0,,0,1,0,0,0,1,0,0,0,1,0,0,1,0,1,0,0,False,True,False,False,89.13662
35.0,3.1,4046.1,,,0,0,1,0,0,0,0,0,0,1,0,0,1,0,1,0,0,False,False,False,True,92.645454
38.0,3.1,4067.8,23.4,,0,1,0,0,0,1,0,0,0,1,0,0,0,1,1,0,0,False,False,False,False,89.378494
34.0,4.2,4863.2,15.5,,1,0,0,1,0,0,0,0,1,0,0,1,0,0,0,0,1,False,False,False,False,97.03157
,3.3,,,,0,1,1,0,0,0,0,0,0,0,1,0,0,1,1,0,0,True,False,True,True,90.198654
31.0,3.5,4573.7,10.5,,1,0,1,0,0,0,0,0,1,0,0,0,1,0,1,0,0,False,False,False,False,97.89906
35.0,3.3,4506.1,17.5,,1,0,0,0,0,1,0,0,0,1,0,1,0,0,0,0,0,False,False,False,False,96.21289
40.0,3.7,4643.5,25.9,,1,0,0,0,0,1,1,0,0,0,0,1,0,0,0,0,1,False,False,False,False,103.48665
,3.1,4051.1,26.6,,0,1,0,0,0,1,0,0,0,0,0,0,0,1,0,0,0,True,False,False,False,91.40395
41.0,3.4,4632.6,28.1,,0,1,0,0,1,0,0,1,0,0,0,0,0,0,1,0,0,False,False,False,False,92.774734
32.0,3.9,4722.8,12.8,,0,1,0,0,0,1,0,0,0,1,0,1,0,0,0,0,0,False,False,False,False,84.12279
37.0,3.4,4513.3,19.8,,1,0,0,0,0,1,0,0,0,0,1,0,0,1,1,0,0,False,False,False,False,102.4805
,3.4,,,,1,0,0,0,0,1,0,0,0,1,0,0,0,1,0,1,0,True,False,True,True,96.10138
42.0,3.6,4553.8,27.9,,0,1,1,0,0,0,0,1,0,0,0,0,1,0,1,0,0,False,False,False,False,94.63941
,,3570.7,9.7,,0,1,0,1,0,0,0,0,0,0,0,0,0,1,1,0,0,True,True,False,False,85.10008
32.0,3.6,,13.5,,0,1,0,0,0,0,0,0,0,1,0,0,0,1,0,0,0,False,False,True,False,84.69202
24.0,3.5,4506.9,4.0,,1,0,1,0,0,0,0,1,0,0,0,1,0,0,0,1,0,False,False,False,False,93.94289
,4.2,4914.4,17.6,,0,1,0,0,0,1,0,0,0,1,0,0,0,1,1,0,0,True,False,False,False,86.21348
30.0,4.0,4695.5,10.8,,1,0,0,0,0,1,0,0,0,1,0,0,0,1,0,1,0,False,False,False,False,93.43322
36.0,3.0,3834.3,20.1,,1,0,0,0,0,1,0,0,0,1,0,0,0,0,0,0,1,False,False,False,False,98.09534
,3.3,,11.2,,1,0,0,0,0,0,0,0,0,0,0,0,0,1,0,1,0,True,False,True,False,94.92671
38.0,3.3,4461.9,22.7,,0,1,0,0,0,1,0,0,0,0,1,0,0,1,1,0,0,False,False,False,False,93.73629
40.0,3.2,4241.0,,,0,0,1,0,0,0,0,0,0,0,0,0,0,1,0,1,0,False,False,False,True,94.42604
,3.4,,23.0,,1,0,0,0,1,0,0,0,0,1,0,0,0,0,0,0,1,True,False,True,False,99.34284
41.0,3.5,4550.4,26.7,,1,0,0,0,0,1,0,0,0,0,0,0,0,1,0,0,1,False,False,False,False,101.19547
,3.5,4611.6,7.0,,0,0,1,0,0,0,0,1,0,0,0,0,0,1,0,0,1,True,False,False,False,87.84537
,,4601.1,9.7,,0,1,0,0,0,0,0,1,0,0,0,0,0,1,1,0,0,True,True,False,False,84.58708
42.0,,3198.1,27.2,,0,1,0,0,0,0,0,0,1,0,0,1,0,0,1,0,0,False,True,False,False,92.3952
39.0,,,24.5,,0,1,1,0,0,0,0,1,0,0,0,0,0,1,0,0,0,False,True,True,False,90.32967
,4.0,4802.2,7.9,,1,0,1,0,0,0,0,0,1,0,0,0,0,0,1,0,0,True,False,False,False,95.518074
30.0,4.3,5056.6,,,0,0,0,0,0,1,0,0,1,0,0,0,0,1,1,0,0,False,False,False,True,88.717995
,3.8,4716.5,19.8,,1,0,0,0,1,0,0,1,0,0,0,0,0,1,0,0,1,True,False,False,False,98.416
,4.5,5754.9,28.1,,0,1,0,0,0,1,0,0,0,0,0,0,0,1,0,1,0,True,False,False,False,91.526955
,3.1,4103.2,4.6,,0,0,1,0,0,0,0,0,1,0,0,0,1,0,0,0,0,True,False,False,False,91.06378
40.0,3.2,4392.6,24.4,,0,1,0,0,0,0,0,0,0,1,0,1,0,0,0,1,0,False,False,False,False,89.50058
34.0,3.8,,15.7,,1,0,0,0,0,1,0,1,0,0,0,0,0,0,1,0,0,False,False,True,False,96.99721
38.0,3.6,,21.4,,0,1,1,0,0,0,0,0,0,1,0,0,0,1,1,0,0,False,False,True,False,88.66536
30.0,3.8,4639.0,,,0,1,0,0,0,1,0,0,0,1,0,0,0,1,0,1,0,False,False,False,True,83.899315
29.0,4.0,4626.2,,,0,1,0,0,0,0,0,0,0,1,0,0,1,0,1,0,0,False,False,False,True,86.36925
38.0,4.1,4791.7,22.6,,0,1,1,0,0,0,0,0,0,1,0,0,0,0,1,0,0,False,False,False,False,88.9017
36.0,3.5,4576.4,20.8,,0,1,0,0,0,0,0,0,0,0,0,0,1,0,0,0,0,False,False,False,False,90.516495
30.0,3.8,4661.1,9.4,,0,1,0,0,0,1,0,0,1,0,0,1,0,0,0,1,0,False,False,False,False,84.98776
34.0,3.3,4387.5,16.6,,0,1,0,0,0,0,0,0,0,0,0,0,0,0,0,0,1,False,False,False,False,87.1997
27.0,3.7,4700.9,5.6,,0,0,0,0,0,1,0,0,0,1,0,0,0,0,0,0,0,False,False,False,False,87.48998
37.0,3.6,4689.1,20.2,,0,1,0,0,0,0,0,0,0,1,0,0,0,1,1,0,0,False,False,False,False,87.5234
32.0,3.0,3780.3,,,0,0,1,0,0,0,0,1,0,0,0,0,0,1,0,1,0,False,False,False,True,89.53908
43.0,3.0,3829.8,27.9,,1,0,0,0,0,0,0,0,0,0,1,0,0,1,1,0,0,False,False,False,False,104.24289
,3.4,,19.8,,0,1,0,0,0,1,0,1,0,0,0,0,0,1,1,0,0,True,False,True,False,88.26694
33.0,,3857.0,,,1,0,1,0,0,0,0,0,0,1,0,1,0,0,1,0,0,False,True,False,True,95.378845
,,2933.2,,,1,0,0,1,0,0,0,0,0,1,0,0,0,0,0,0,1,True,True,False,True,97.23481
28.0,3.3,4537.2,7.2,,1,0,0,1,0,0,0,0,0,0,0,1,0,0,0,1,0,False,False,False,False,94.10451
38.0,3.1,4197.5,23.4,,1,0,1,0,0,0,1,0,0,0,0,0,0,1,1,0,0,False,False,False,False,103.32494
25.0,3.2,,2.5,,0,1,0,0,1,0,0,0,0,1,0,1,0,0,1,0,0,False,False,True,False,83.48609
29.0,3.5,4584.6,9.3,,0,1,0,0,0,1,0,0,0,0,1,0,0,0,1,0,0,False,False,False,False,88.72887
27.0,3.3,4524.9,6.5,,0,1,1,0,0,0,0,0,1,0,0,0,0,1,1,0,0,False,False,False,False,84.921
31.0,3.2,4243.0,,,0,1,0,0,0,1,0,1,0,0,0,0,1,0,0,1,0,False,False,False,True,88.41299
39.0,4.2,4963.9,23.8,,0,1,0,0,0,0,0,0,0,1,0,1,0,0,1,0,0,False,False,False,False,88.76348
29.0,3.4,4578.2,7.6,,0,1,0,0,1,0,0,0,0,0,1,0,0,1,1,0,0,False,False,False,False,88.547165
30.0,3.2,4348.6,8.9,,0,1,0,0,0,1,0,0,0,0,1,0,0,1,0,1,0,False,False,False,False,88.316696
25.0,,4649.5,3.2,,0,1,0,0,0,0,1,0,0,0,0,0,0,1,0,0,0,False,True,False,False,87.40979
27.0,,,4.3,,0,1,0,0,0,0,0,1,0,0,0,1,0,0,1,0,0,False,True,True,False,84.681816
33.0,3.2,4277.1,15.9,,0,1,1,0,0,0,0,0,0,1,0,0,1,0,0,1,0,False,False,False,False,88.15531
46.0,2.5,2023.2,29.8,,0,1,0,0,0,1,0,0,0,1,0,1,0,0,0,0,1,False,False,False,False,93.723564
37.0,3.9,4672.7,,,0,1,1,0,0,0,0,1,0,0,0,0,0,0,0,0,0,False,False,False,True,89.0993
37.0,3.7,4633.9,,,1,0,0,0,0,1,0,0,0,1,0,1,0,0,1,0,0,False,False,False,True,97.493935
38.0,3.8,4571.6,,,1,0,0,1,0,0,0,0,0,1,0,0,0,0,1,0,0,False,False,False,True,99.167885
33.0,4.0,,15.9,,0,1,1,0,0,0,0,0,1,0,0,0,0,1,0,0,0,False,False,True,False,86.74979
,3.6,4740.8,23.5,,1,0,0,0,0,0,0,1,0,0,0,0,0,1,1,0,0,True,False,False,False,99.33967
35.0,,,17.9,,1,0,1,0,0,0,0,0,0,0,0,1,0,0,1,0,0,False,True,True,False,97.30774
36.0,3.3,4422.6,17.7,,0,1,1,0,0,0,0,0,0,0,0,0,0,1,0,1,0,False,False,False,False,87.54767
35.0,3.5,4618.8,,,0,1,1,0,0,0,0,0,1,0,0,0,0,0,0,1,0,False,False,False,True,88.46794
34.0,3.2,4402.5,,,0,1,1,0,0,0,0,0,1,0,0,0,0,0,1,0,0,False,False,False,True,88.23002
25.0,3.3,4415.6,3.3,,0,1,1,0,0,0,0,0,0,0,0,0,0,1,0,1,0,False,False,False,False,84.423485
43.0,,3958.2,28.5,,0,1,0,0,0,1,0,1,0,0,0,0,0,1,0,0,0,False,True,False,False,92.77519
34.0,3.6,,16.1,,1,0,0,0,1,0,0,0,0,1,0,0,1,0,0,1,0,False,False,True,False,98.41597
27.0,2.9,3482.3,4.6,,0,1,1,0,0,0,0,1,0,0,0,0,0,1,0,0,0,False,False,False,False,85.19079
30.0,3.3,4521.0,10.4,,0,1,0,0,0,0,0,0,0,1,0,0,0,1,1,0,0,False,False,False,False,83.799355
38.0,3.5,4700.0,21.5,,1,0,0,0,0,1,0,0,0,1,0,1,0,0,0,1,0,False,False,False,False,97.91287
34.0,3.7,4562.5,16.4,,1,0,1,0,0,0,0,0,1,0,0,0,1,0,1,0,0,False,False,False,False,99.90495
23.0,,5036.4,2.2,,0,1,0,0,0,1,1,0,0,0,0,0,0,1,0,0,0,False,True,False,False,87.19076
28.0,3.3,4460.2,7.5,,0,1,0,0,0,1,0,0,1,0,0,0,1,0,1,0,0,False,False,False,False,87.79463
41.0,,,26.6,,1,0,0,0,0,1,0,0,0,1,0,0,0,0,0,1,0,False,True,True,False,101.5241
35.0,3.1,4110.3,17.5,,0,0,0,0,1,0,0,0,0,0,0,1,0,0,1,0,0,False,False,False,False,89.14044
33.0,3.4,4487.2,14.4,,0,1,0,0,0,1,0,0,0,1,0,0,1,0,0,0,1,False,False,False,False,87.93237
31.0,3.3,4525.6,12.6,,0,1,1,0,0,0,0,0,0,0,0,0,0,1,1,0,0,False,False,False,False,85.296196
38.0,3.0,3882.9,,,0,1,0,0,0,0,0,0,0,0,1,0,0,1,1,0,0,False,False,False,True,92.88342
34.0,,4465.7,15.6,,0,1,1,0,0,0,0,0,0,1,0,0,0,1,0,0,1,False,True,False,False,85.92255
37.0,3.8,4691.5,,,0,1,0,0,1,0,0,0,0,0,0,0,0,1,1,0,0,False,False,False,True,88.62491
,3.3,4434.0,1.9,,1,0,0,0,1,0,0,0,1,0,0,1,0,0,1,0,0,True,False,False,False,93.99858
33.0,3.8,4610.1,13.7,,0,1,0,0,0,1,0,0,0,1,0,0,0,1,1,0,0,False,False,False,False,84.999626
,3.6,4699.0,12.8,,0,1,0,0,0,0,0,0,1,0,0,0,1,0,1,0,0,True,False,False,False,89.00265
33.0,,,,,0,1,1,0,0,0,0,0,0,1,0,1,0,0,1,0,0,False,True,True,True,85.70628
37.0,3.8,4751.3,22.0,,0,1,0,1,0,0,0,0,1,0,0,0,0,1,0,0,1,False,False,False,False,89.85356
32.0,3.3,4413.7,13.4,,1,0,0,0,0,0,0,0,0,1,0,0,0,1,1,0,0,False,False,False,False,94.853905
35.0,3.6,,18.3,,1,0,0,1,0,0,0,0,0,0,0,0,0,1,1,0,0,False,False,True,False,97.45734
30.0,,4674.9,9.0,,0,0,1,0,0,0,0,0,1,0,0,0,0,1,1,0,0,False,True,False,False,88.56251
33.0,3.4,4479.7,,,0,1,0,0,0,1,0,1,0,0,0,0,0,1,1,0,0,False,False,False,True,85.846924
30.0,3.0,3838.1,,,1,0,1,0,0,0,0,0,0,1,0,1,0,0,1,0,0,False,False,False,True,94.261894
37.0,3.4,4473.6,21.2,,1,0,0,0,0,1,0,0,0,1,0,1,0,0,1,0,0,False,False,False,False,97.72902
39.0,2.7,2956.2,23.2,,0,1,1,0,0,0,0,0,1,0,0,0,1,0,0,0,0,False,False,False,False,93.84898
33.0,3.7,4634.5,13.6,,1,0,0,0,1,0,0,0,0,1,0,0,1,0,0,0,1,False,False,False,False,97.676704
31.0,3.3,4414.0,10.2,,0,1,0,0,1,0,0,0,0,0,0,1,0,0,0,0,1,False,False,False,False,84.469345
37.0,3.2,,20.9,,1,0,1,0,0,0,0,0,0,1,0,0,0,1,1,0,0,False,False,True,False,98.43855
27.0,,4242.7,6.7,,1,0,0,0,0,1,0,0,1,0,0,1,0,0,0,0,1,False,True,False,False,94.210785
29.0,3.5,4665.5,8.7,,0,1,0,0,0,0,0,1,0,0,0,0,0,1,1,0,0,False,False,False,False,84.43814
40.0,2.9,3497.1,,,0,1,0,1,0,0,1,0,0,0,0,1,0,0,0,1,0,False,False,False,True,94.93836
24.0,4.3,5142.6,0.9,,0,0,0,0,0,1,0,0,1,0,0,0,0,1,1,0,0,False,False,False,False,87.63184
39.0,3.2,4293.5,23.0,,1,0,0,0,0,1,0,0,0,1,0,0,0,1,0,0,1,False,False,False,False,99.23493
28.0,3.5,4685.0,7.2,,0,0,0,0,1,0,0,0,0,0,0,0,0,0,0,0,0,False,False,False,False,88.09785
,3.2,4358.3,14.3,,0,1,0,0,0,1,0,0,0,0,0,0,0,1,0,0,1,True,False,False,False,86.51778
37.0,3.1,4204.1,21.6,,0,1,1,0,0,0,0,0,0,1,0,0,0,1,1,0,0,False,False,False,False,88.40503
32.0,4.2,5020.9,13.9,,0,1,0,0,0,1,0,0,0,1,0,0,0,1,1,0,0,False,False,False,False,84.492424
33.0,3.5,,15.5,,1,0,0,0,1,0,0,0,1,0,0,0,0,1,1,0,0,False,False,True,False,96.9407
34.0,3.6,4578.6,15.9,,1,0,1,0,0,0,0,0,0,1,0,0,0,1,1,0,0,False,False,False,False,95.63409
34.0,3.9,4658.0,17.5,,0,1,0,0,1,0,0,0,0,1,0,0,0,1,0,0,1,False,False,False,False,85.686905
38.0,2.8,3256.1,21.7,,1,0,0,0,0,1,0,0,0,1,0,1,0,0,1,0,0,False,False,False,False,98.82865
24.0,3.6,,1.5,,0,1,0,1,0,0,0,0,0,1,0,0,0,1,1,0,0,False,False,True,False,83.59792
40.0,3.9,4769.5,24.5,,0,0,0,0,0,1,0,0,0,1,0,1,0,0,1,0,0,False,False,False,False,92.25547
33.0,3.3,4402.0,14.5,,0,1,0,0,0,0,0,0,0,0,0,0,0,1,1,0,0,False,False,False,False,86.10361
,3.7,,,,0,1,1,0,0,0,0,0,0,1,0,0,1,0,0,1,0,True,False,True,True,88.46032
30.0,3.7,,10.4,,1,0,1,0,0,0,0,1,0,0,0,0,0,1,1,0,0,False,False,True,False,94.85163
27.0,3.5,4609.2,5.5,,0,1,0,0,0,1,0,0,1,0,0,0,0,0,0,1,0,False,False,False,False,85.230896
35.0,,4853.7,17.4,,0,1,0,0,0,1,0,0,1,0,0,0,0,1,0,1,0,False,True,False,False,87.43943
34.0,,4465.2,,,0,1,1,0,0,0,0,0,0,0,0,0,0,1,0,0,0,False,True,False,True,86.891685
,4.0,4679.6,13.8,,0,1,0,0,1,0,0,1,0,0,0,1,0,0,0,0,0,True,False,False,False,84.99794
31.0,3.9,,10.6,,1,0,0,0,0,1,0,0,0,1,0,0,0,1,1,0,0,False,False,True,False,94.16132
47.0,3.7,4611.7,30.3,,0,1,1,0,0,0,0,0,0,0,0,0,0,1,1,0,0,False,False,False,False,92.38103
,3.1,4073.1,,,0,1,0,0,1,0,0,0,0,1,0,1,0,0,1,0,0,True,False,False,True,85.15289
39.0,3.4,4578.0,,,0,1,0,0,0,1,0,0,0,0,0,0,1,0,1,0,0,False,False,False,True,92.941765
37.0,,,21.3,,0,1,0,0,0,1,0,1,0,0,0,0,0,0,0,0,0,False,True,True,False,89.12119
33.0,3.2,4212.4,,,0,0,0,0,1,0,0,0,0,0,1,0,0,1,0,0,0,False,False,False,True,91.54643
27.0,,3583.7,4.2,,1,0,1,0,0,0,0,0,0,0,0,0,1,0,0,0,1,False,True,False,False,97.01964
,3.9,4645.2,10.4,,0,0,0,0,0,0,0,0,0,1,0,1,0,0,0,0,0,True,False,False,False,86.65995
33.0,3.4,4541.8,15.9,,0,1,0,0,0,1,0,0,0,1,0,0,0,1,1,0,0,False,False,False,False,85.06829
38.0,,1662.1,,,1,0,0,0,0,0,0,0,0,0,0,0,0,1,0,0,0,False,True,False,True,100.71981
32.0,4.2,5032.0,13.3,,1,0,1,0,0,0,0,0,0,1,0,0,1,0,1,0,0,False,False,False,False,97.02285
30.0,3.5,4585.5,9.4,,0,0,0,1,0,0,0,0,1,0,0,0,0,0,0,0,0,False,False,False,False,88.958954
,3.3,4443.2,10.6,,0,1,1,0,0,0,0,0,1,0,0,0,0,1,0,0,1,True,False,False,False,85.71643
36.0,3.5,4566.1,18.7,,1,0,0,0,0,1,0,1,0,0,0,0,0,1,0,0,0,False,False,False,False,97.61984
41.0,3.4,4578.6,25.8,,0,1,0,0,1,0,0,0,0,1,0,0,0,0,0,0,1,False,False,False,False,90.436745
33.0,3.6,4680.8,15.7,,0,1,1,0,0,0,0,0,0,1,0,0,0,1,0,0,0,False,False,False,False,84.984726
39.0,3.7,,24.4,,1,0,1,0,0,0,1,0,0,0,0,0,1,0,1,0,0,False,False,True,False,107.092186
31.0,3.7,,12.5,,0,1,1,0,0,0,0,0,0,1,0,0,1,0,1,0,0,False,False,True,False,87.10561
,3.8,4695.1,22.4,,0,1,0,0,0,1,0,0,1,0,0,0,0,0,1,0,0,True,False,False,False,90.66596
34.0,4.1,4757.1,,,0,1,0,0,0,0,0,1,0,0,0,0,0,1,1,0,0,False,False,False,True,86.74633
36.0,3.5,4552.5,17.9,,1,0,0,0,0,1,0,1,0,0,0,0,0,1,0,0,0,False,False,False,False,97.5711
,3.6,4651.0,12.3,,0,1,0,0,0,0,0,1,0,0,0,0,0,1,0,0,1,True,False,False,False,85.381645
31.0,4.3,5167.5,10.0,,0,1,0,0,0,0,0,0,1,0,0,0,1,0,0,1,0,False,False,False,False,88.55058
32.0,3.6,4679.4,,,0,0,1,0,0,0,0,0,1,0,0,0,0,0,0,0,0,False,False,False,True,89.95307
33.0,4.2,4948.7,14.0,,0,1,1,0,0,0,0,1,0,0,0,1,0,0,1,0,0,False,False,False,False,85.14445
33.0,,4515.2,13.8,,0,1,0,0,0,1,0,0,0,1,0,0,0,1,1,0,0,False,True,False,False,85.29802
39.0,3.2,4252.9,23.1,,1,0,0,0,1,0,0,0,0,1,0,0,0,1,0,0,0,False,False,False,False,99.33618
,3.0,3924.9,18.4,,0,0,1,0,0,0,0,0,1,0,0,1,0,0,0,1,0,True,False,False,False,91.687096
28.0,3.1,4173.9,8.6,,0,1,0,0,0,1,0,0,0,1,0,0,1,0,1,0,0,False,False,False,False,86.35476
34.0,3.4,4568.0,,,0,1,1,0,0,0,0,0,1,0,0,1,0,0,1,0,0,False,False,False,True,87.29698
34.0,3.2,4231.6,16.4,,1,0,0,0,0,0,0,1,0,0,0,1,0,0,1,0,0,False,False,False,False,96.125305
32.0,3.0,3773.3,,,0,0,1,0,0,0,0,1,0,0,0,0,1,0,0,1,0,False,False,False,True,91.38954
28.0,3.7,4615.5,7.3,,0,1,0,0,0,1,0,0,0,1,0,0,0,0,1,0,0,False,False,False,False,83.85445
33.0,3.8,,14.6,,0,0,1,0,0,0,0,0,1,0,0,1,0,0,0,1,0,False,False,True,False,89.83628
37.0,4.5,,22.3,,0,1,0,0,0,0,0,0,0,0,0,0,0,1,0,0,0,False,False,True,False,88.601234
31.0,3.7,4606.7,10.8,,0,1,1,0,0,0,0,0,0,1,0,0,0,1,0,0,0,False,False,False,False,84.09179
34.0,,4378.9,16.8,,0,1,0,1,0,0,0,0,1,0,0,1,0,0,0,0,0,False,True,False,False,86.81217
29.0,3.1,4095.5,,,0,1,0,0,1,0,0,0,1,0,0,0,0,1,0,0,0,False,False,False,True,85.95758
40.0,3.1,4055.2,25.3,,1,0,0,0,0,1,0,0,0,1,0,0,0,1,0,1,0,False,False,False,False,100.20384
35.0,,4670.5,18.1,,0,0,0,1,0,0,0,0,1,0,0,0,0,1,1,0,0,False,True,False,False,90.11905
35.0,3.9,4579.1,19.0,,1,0,1,0,0,0,0,0,0,1,0,0,0,1,1,0,0,False,False,False,False,96.48021
31.0,4.0,4777.7,12.0,,0,0,1,0,0,0,0,0,1,0,0,0,0,1,0,0,0,False,False,False,False,88.672356
42.0,3.2,4314.7,25.7,,0,1,0,0,0,1,0,0,0,0,0,0,0,1,0,1,0,False,False,False,False,91.36803
33.0,4.1,4894.4,14.0,,1,0,0,0,0,1,0,1,0,0,0,0,0,1,0,1,0,False,False,False,False,95.907486
27.0,3.1,4080.0,3.9,,1,0,1,0,0,0,0,0,1,0,0,0,1,0,1,0,0,False,False,False,False,97.63729
28.0,3.8,4566.7,,,0,1,1,0,0,0,0,0,0,1,0,0,0,1,0,1,0,False,False,False,True,83.68141
36.0,3.7,4625.1,19.1,,0,1,0,0,0,0,0,0,0,1,0,0,0,1,0,1,0,False,False,False,False,86.89005
31.0,3.5,4686.8,,,1,0,0,0,0,0,0,0,0,0,1,0,0,1,1,0,0,False,False,False,True,98.30246
25.0,4.1,4783.8,4.2,,1,0,1,0,0,0,0,0,0,1,0,0,0,1,0,0,0,False,False,False,False,92.635544
36.0,,,19.7,,1,0,0,1,0,0,0,0,0,1,0,1,0,0,0,0,0,False,True,True,False,97.9236
33.0,3.8,4712.5,15.7,,0,1,1,0,0,0,0,0,1,0,0,0,0,1,0,1,0,False,False,False,False,86.7351
47.0,,4054.8,,,0,1,1,0,0,0,0,0,0,0,0,0,0,1,0,0,0,False,True,False,True,91.450874
36.0,2.9,3618.5,20.0,,0,0,1,0,0,0,0,0,0,1,0,0,1,0,0,1,0,False,False,False,False,93.578
35.0,3.2,4370.2,18.7,,0,1,0,0,1,0,0,0,1,0,0,0,0,1,0,1,0,False,False,False,False,88.1742
29.0,3.7,4672.1,10.0,,0,1,0,0,0,0,0,0,1,0,0,0,0,1,0,1,0,False,False,False,False,85.38628
30.0,4.1,4870.9,11.2,,0,1,0,0,0,1,1,0,0,0,0,0,0,1,0,1,0,False,False,False,False,88.029564
36.0,,,,,0,1,0,0,0,0,1,0,0,0,0,0,0,0,1,0,0,False,True,True,True,91.74633
35.0,3.8,,18.6,,0,0,0,0,1,0,0,0,0,0,0,1,0,0,1,0,0,False,False,True,False,89.780304
31.0,3.1,,11.0,,0,1,0,1,0,0,0,0,0,1,0,0,0,1,0,1,0,False,False,True,False,84.78773
,3.2,4373.4,26.3,,0,1,1,0,0,0,0,0,0,1,0,1,0,0,0,0,1,True,False,False,False,90.20243
26.0,3.5,4525.8,4.2,,0,1,0,0,0,0,0,0,0,1,0,0,0,1,0,0,0,False,False,False,False,83.39269
,3.1,4149.3,23.5,,1,0,0,0,1,0,0,0,0,1,0,0,0,1,0,1,0,True,False,False,False,98.609
34.0,3.5,4550.6,,,0,1,0,0,0,1,0,0,0,0,0,0,0,1,0,1,0,False,False,False,True,86.60692
34.0,3.7,4675.3,15.6,,0,1,0,0,1,0,0,1,0,0,0,0,1,0,1,0,0,False,False,False,False,89.28041
34.0,3.4,4597.9,18.1,,0,1,0,0,0,1,0,1,0,0,0,0,0,1,1,0,0,False,False,False,False,87.07063
,3.0,,8.5,,0,0,0,0,0,1,0,1,0,0,0,0,0,1,1,0,0,True,False,True,False,88.20181
33.0,3.7,,14.3,,0,1,0,0,1,0,0,0,1,0,0,0,0,1,0,1,0,False,False,True,False,86.76405
43.0,3.6,4607.4,,,0,1,0,0,0,1,0,0,0,0,0,0,0,1,1,0,0,False,False,False,True,91.53401
,3.5,4566.4,,,1,0,0,0,0,0,0,1,0,0,0,0,0,0,0,0,0,True,False,False,True,96.8421
,3.3,4470.8,25.7,,0,1,1,0,0,0,0,1,0,0,0,0,0,1,0,0,0,True,False,False,False,90.91656
36.0,4.2,4999.1,20.6,,0,1,0,0,0,1,0,0,0,1,0,0,1,0,0,0,0,False,False,False,False,89.5633
35.0,4.7,6359.0,,,0,1,0,1,0,0,0,0,0,1,0,0,0,1,0,0,0,False,False,False,True,86.26336
38.0,3.8,4733.8,21.3,,0,1,0,0,0,1,1,0,0,0,0,0,0,0,0,0,1,False,False,False,False,92.695145
,3.3,,3.2,,0,1,0,0,1,0,0,0,1,0,0,0,0,1,0,0,0,True,False,True,False,85.11371
43.0,3.3,,27.5,,0,1,0,0,0,0,0,0,1,0,0,1,0,0,1,0,0,False,False,True,False,92.48806
,3.1,,19.8,,1,0,0,0,0,1,0,0,0,0,0,0,0,1,1,0,0,True,False,True,False,98.31757
35.0,3.2,4233.0,19.2,,0,1,0,1,0,0,0,0,0,0,1,0,1,0,1,0,0,False,False,False,False,95.59448
38.0,3.6,4653.7,22.0,,1,0,0,0,0,1,0,0,0,1,0,0,0,0,1,0,0,False,False,False,False,98.99608
29.0,,,7.1,,1,0,0,0,0,1,0,0,0,1,0,0,0,1,1,0,0,False,True,True,False,94.21947
34.0,4.1,4716.0,16.7,,0,1,0,0,1,0,0,0,0,0,0,0,0,0,1,0,0,False,False,False,False,87.09819
32.0,3.7,4584.8,13.0,,0,1,0,0,0,0,0,0,0,1,0,1,0,0,1,0,0,False,False,False,False,84.13358
44.0,3.2,4371.8,27.5,,0,0,1,0,0,0,0,0,0,0,0,0,0,1,0,0,0,False,False,False,False,94.22367
35.0,3.7,4692.6,18.4,,0,1,0,0,0,1,0,0,0,1,0,0,0,1,0,0,1,False,False,False,False,86.2473
30.0,3.5,4625.2,10.1,,0,1,1,0,0,0,0,1,0,0,0,0,0,1,0,0,0,False,False,False,False,84.468605
25.0,3.5,4595.5,,,1,0,1,0,0,0,0,0,0,0,0,1,0,0,1,0,0,False,False,False,True,94.52408
,4.1,4882.3,21.7,,0,1,0,0,0,0,0,0,0,0,0,0,0,1,1,0,0,True,False,False,False,88.84528
32.0,3.3,,,,0,0,0,0,0,1,0,0,0,1,0,0,0,1,0,1,0,False,False,True,True,88.941765
39.0,3.7,4576.4,24.1,,0,1,0,0,0,0,0,0,1,0,0,0,0,0,1,0,0,False,False,False,False,90.86186
16.0,3.2,4287.1,0.4,,1,0,0,0,0,1,0,0,1,0,0,0,1,0,1,0,0,False,False,False,False,97.06715
30.0,4.3,5149.3,8.7,,0,0,0,0,0,0,0,1,0,0,0,0,1,0,0,0,0,False,False,False,False,90.36525
,3.8,4567.7,11.8,,0,1,1,0,0,0,0,0,0,1,0,0,1,0,0,0,0,True,False,False,False,87.04232
,3.5,4697.1,,,0,0,0,0,0,1,1,0,0,0,0,0,0,1,0,1,0,True,False,False,True,93.74279
32.0,3.7,4647.9,13.8,,0,0,1,0,0,0,0,0,1,0,0,0,0,1,1,0,0,False,False,False,False,89.37378
40.0,,2791.3,24.9,,0,1,0,0,0,1,0,0,0,1,0,0,0,1,0,0,1,False,True,False,False,91.04512
,,4697.0,20.9,,0,1,0,0,1,0,0,0,0,1,0,0,0,1,1,0,0,True,True,False,False,87.43597
40.0,3.4,4539.0,26.9,,0,1,1,0,0,0,0,0,1,0,0,0,0,1,1,0,0,False,False,False,False,91.55756
35.0,3.4,4500.4,18.6,,1,0,1,0,0,0,0,0,0,1,0,0,0,1,0,0,1,False,False,False,False,96.548416
32.0,,,13.7,,0,1,0,0,0,0,0,0,1,0,0,0,1,0,0,1,0,False,True,True,False,88.674736
39.0,3.4,,23.1,,0,1,1,0,0,0,0,0,0,1,0,0,0,1,0,1,0,False,False,True,False,89.05473
32.0,,4712.0,11.8,,0,1,0,0,0,1,0,0,0,0,0,0,1,0,0,1,0,False,True,False,False,87.588
,,4225.6,4.2,,0,1,0,0,0,0,0,0,0,0,0,0,1,0,0,0,0,True,True,False,False,87.5745
38.0,3.5,4517.1,23.4,,0,1,0,0,0,1,0,0,0,0,1,0,0,0,1,0,0,False,False,False,False,94.514244
,4.2,4985.2,13.9,,0,0,0,0,0,1,0,1,0,0,0,0,0,0,0,0,0,True,False,False,False,91.121925
29.0,3.2,4258.9,9.3,,1,0,0,0,0,0,0,0,0,1,0,0,0,1,0,0,1,False,False,False,False,93.76296
26.0,3.5,4600.9,5.5,,0,1,0,0,0,1,0,1,0,0,0,1,0,0,0,1,0,False,False,False,False,83.691025
34.0,,5016.7,15.4,,0,1,0,1,0,0,0,0,0,1,0,0,0,1,0,0,0,False,True,False,False,85.89637
43.0,4.2,4887.8,27.6,,0,1,1,0,0,0,0,0,1,0,0,0,0,0,1,0,0,False,False,False,False,92.96546
,3.2,4384.1,,,0,1,0,0,0,1,0,0,0,0,0,0,1,0,0,0,0,True,False,False,True,90.10704
29.0,4.2,,9.3,,1,0,1,0,0,0,0,0,0,0,0,0,0,1,1,0,0,False,False,True,False,94.65613
39.0,3.2,4221.0,24.7,,1,0,0,0,0,1,0,0,0,0,0,1,0,0,1,0,0,False,False,False,False,99.71494
29.0,3.0,3962.3,,,0,0,0,1,0,0,0,0,1,0,0,0,0,1,1,0,0,False,False,False,True,89.38083
26.0,3.6,4573.1,3.2,,0,1,0,1,0,0,0,0,1,0,0,0,0,0,0,0,1,False,False,False,False,85.4316
35.0,2.5,2151.9,18.0,,0,1,0,0,0,1,0,0,0,0,0,0,0,1,1,0,0,False,False,False,False,88.955
30.0,4.0,4789.4,10.8,,1,0,0,0,0,1,0,1,0,0,0,0,0,1,1,0,0,False,False,False,False,94.86685
32.0,,4658.9,11.4,,0,1,1,0,0,0,0,1,0,0,0,0,0,1,1,0,0,False,True,False,False,85.38779
32.0,4.1,4788.9,13.6,,0,1,0,0,0,0,0,0,0,0,1,1,0,0,0,1,0,False,False,False,False,89.3983
35.0,,4476.8,19.3,,0,0,0,0,0,1,0,0,0,1,0,0,0,1,0,1,0,False,True,False,False,89.675156
28.0,3.4,4501.9,5.9,,0,0,0,0,0,1,0,1,0,0,0,0,1,0,0,1,0,False,False,False,False,90.18398
34.0,3.1,4029.6,16.5,,0,1,0,1,0,0,0,0,0,1,0,0,0,1,0,0,1,False,False,False,False,86.19675
28.0,,3860.1,8.7,,0,1,0,0,1,0,0,0,0,1,0,0,0,1,0,1,0,False,True,False,False,84.129196
27.0,3.8,4751.1,5.1,,0,1,1,0,0,0,0,1,0,0,0,0,1,0,1,0,0,False,False,False,False,87.061455
41.0,4.5,5602.3,26.7,,1,0,0,0,1,0,0,0,0,1,0,0,0,0,1,0,0,False,False,False,False,99.896034
31.0,3.9,4669.8,11.3,,1,0,1,0,0,0,0,0,0,1,0,0,0,1,1,0,0,False,False,False,False,93.68345
35.0,2.6,2568.8,17.4,,0,1,1,0,0,0,0,0,0,0,0,0,0,1,1,0,0,False,False,False,False,88.59553
34.0,,4556.6,16.3,,0,1,0,0,0,1,0,0,1,0,0,0,0,1,1,0,0,False,True,False,False,87.21808
42.0,2.5,2024.0,26.8,,0,1,1,0,0,0,0,0,0,1,0,0,0,1,1,0,0,False,False,False,False,93.17838
24.0,3.7,4616.6,,,0,0,0,0,0,0,0,0,0,1,0,1,0,0,1,0,0,False,False,False,True,86.64893
27.0,3.9,4609.4,5.4,,0,1,0,0,0,1,1,0,0,0,0,0,1,0,0,0,0,False,False,False,False,89.49979
29.0,,4256.2,9.0,,0,1,0,0,0,1,1,0,0,0,0,0,0,1,0,0,0,False,True,False,False,87.24959
30.0,3.8,4559.2,9.6,,0,1,1,0,0,0,0,1,0,0,0,1,0,0,1,0,0,False,False,False,False,84.013756
33.0,3.9,,15.6,,1,0,1,0,0,0,0,0,1,0,0,0,0,1,0,0,1,False,False,True,False,96.85674
,3.5,4553.4,8.8,,0,0,0,0,1,0,0,1,0,0,0,0,0,1,1,0,0,True,False,False,False,87.40337
35.0,3.9,4671.1,17.5,,0,1,0,0,0,1,0,0,1,0,0,0,0,1,1,0,0,False,False,False,False,87.48345
29.0,3.3,4373.1,7.5,,0,1,0,0,1,0,0,0,0,1,0,1,0,0,1,0,0,False,False,False,False,83.19139
32.0,,4248.4,13.6,,0,1,0,0,0,0,0,0,0,1,0,0,0,1,0,0,0,False,True,False,False,85.00201
26.0,3.5,4655.1,4.0,,0,1,0,0,0,1,0,0,0,1,0,0,0,1,0,1,0,False,False,False,False,83.27505
34.0,,,16.8,,0,0,1,0,0,0,0,0,0,0,1,1,0,0,1,0,0,False,True,True,False,91.40233
29.0,2.9,,10.1,,0,1,1,0,0,0,0,0,0,1,0,1,0,0,0,0,0,False,False,True,False,84.41567
36.0,3.6,,18.7,,0,1,1,0,0,0,0,0,0,0,0,0,0,0,0,1,0,False,False,True,False,88.03474
29.0,3.8,4641.7,,,0,1,0,0,1,0,0,0,1,0,0,0,0,1,0,0,1,False,False,False,True,85.68926
37.0,4.0,4656.3,,,1,0,0,1,0,0,0,1,0,0,0,0,0,1,1,0,0,False,False,False,True,98.94947
31.0,3.9,4755.1,,,1,0,0,1,0,0,0,1,0,0,0,1,0,0,0,0,0,False,False,False,True,94.73598
27.0,3.6,4653.0,5.2,,0,1,0,0,0,1,0,0,0,0,1,0,0,1,1,0,0,False,False,False,False,87.68293
33.0,3.2,,14.7,,1,0,1,0,0,0,0,0,1,0,0,0,0,1,1,0,0,False,False,True,False,96.874214
34.0,3.5,4552.1,17.1,,0,1,1,0,0,0,0,1,0,0,0,1,0,0,0,0,0,False,False,False,False,85.97232
,4.5,5613.0,9.2,,1,0,0,0,0,1,1,0,0,0,0,0,0,1,0,1,0,True,False,False,False,96.366844
32.0,4.4,5268.7,,,1,0,0,0,0,0,0,0,0,1,0,0,0,1,0,0,0,False,False,False,True,93.69658
28.0,3.7,4745.4,,,0,1,0,0,0,0,0,0,1,0,0,0,0,1,1,0,0,False,False,False,True,84.98363
35.0,3.4,4605.7,17.5,,0,1,0,0,0,1,0,1,0,0,0,0,0,1,1,0,0,False,False,False,False,87.10245
39.0,3.2,,24.2,,0,1,1,0,0,0,0,0,0,1,0,0,0,0,1,0,0,False,False,True,False,89.88161
34.0,3.7,4714.6,,,0,1,0,1,0,0,0,0,0,1,0,0,0,1,1,0,0,False,False,False,True,86.14951
37.0,3.1,4095.4,,,0,1,0,0,1,0,0,0,1,0,0,0,1,0,1,0,0,False,False,False,True,92.9014
42.0,3.0,3904.1,27.4,,0,1,0,0,0,0,0,0,0,1,0,0,0,1,1,0,0,False,False,False,False,91.63645
34.0,3.4,4589.0,18.1,,0,0,0,0,0,1,0,0,0,1,0,0,0,1,0,0,0,False,False,False,False,89.25725
38.0,3.7,4695.1,22.8,,1,0,0,0,1,0,0,1,0,0,0,0,1,0,0,0,0,False,False,False,False,102.008125
41.0,3.9,4592.1,25.5,,0,1,1,0,0,0,0,0,1,0,0,0,1,0,1,0,0,False,False,False,False,93.59784
37.0,3.5,4666.3,20.8,,0,1,0,0,0,1,0,0,0,0,0,0,0,1,0,0,0,False,False,False,False,88.35121
29.0,3.8,4573.8,7.6,,1,0,0,0,0,0,0,0,0,0,1,0,0,1,0,0,0,False,False,False,False,98.95979
34.0,4.2,4838.4,15.3,,0,0,1,0,0,0,0,0,0,1,0,0,0,1,0,0,1,False,False,False,False,88.12459
36.0,,,17.9,,0,1,0,0,0,1,0,0,1,0,0,0,0,0,0,0,1,False,True,True,False,87.942345
,,,16.5,,1,0,0,0,0,1,0,0,0,1,0,0,0,1,1,0,0,True,True,True,False,96.11447
33.0,3.4,4456.2,14.4,,1,0,1,0,0,0,0,0,0,1,0,0,1,0,1,0,0,False,False,False,False,98.01432
,3.3,4360.8,15.8,,0,1,0,0,0,1,0,0,0,1,0,0,0,1,1,0,0,True,False,False,False,85.296196
36.0,3.5,4604.9,,,0,1,0,0,0,1,0,0,0,1,0,1,0,0,0,0,1,False,False,False,True,87.04713
,,4607.4,26.7,,1,0,0,0,1,0,0,0,0,0,0,0,0,1,1,0,0,True,True,False,False,99.739105
,3.2,4206.7,6.7,,0,0,1,0,0,0,0,0,1,0,0,0,0,1,1,0,0,True,False,False,False,88.3133
36.0,2.6,2486.7,19.3,,0,0,0,0,0,1,0,0,0,1,0,0,0,1,0,0,0,False,False,False,False,91.79896
31.0,3.3,4461.6,11.1,,0,1,1,0,0,0,0,0,0,1,0,0,0,1,0,1,0,False,False,False,False,84.331535
36.0,2.9,3532.3,19.7,,0,1,1,0,0,0,0,0,0,1,0,0,0,1,0,1,0,False,False,False,False,87.96923
35.0,3.2,,18.8,,1,0,0,1,0,0,0,0,0,0,0,0,0,1,0,1,0,False,False,True,False,97.70207
28.0,4.0,4716.8,7.3,,0,1,0,0,0,0,0,1,0,0,0,1,0,0,0,1,0,False,False,False,False,83.84018
41.0,3.9,4772.7,26.4,,0,0,0,0,0,0,0,0,0,0,1,0,0,1,1,0,0,False,False,False,False,96.72076
31.0,2.5,2171.1,12.1,,0,1,1,0,0,0,0,0,1,0,0,0,0,1,1,0,0,False,False,False,False,87.95821
34.0,3.4,4593.6,16.9,,0,0,0,0,0,1,0,1,0,0,0,0,0,1,1,0,0,False,False,False,False,89.428154
32.0,3.2,4289.9,,,0,1,0,0,0,0,0,1,0,0,0,0,0,1,0,0,0,False,False,False,True,85.87934
37.0,3.5,4569.6,20.9,,0,1,0,0,0,0,0,0,1,0,0,0,1,0,0,1,0,False,False,False,False,91.62946
36.0,,3959.4,21.2,,1,0,1,0,0,0,0,0,0,1,0,0,0,1,0,1,0,False,True,False,False,98.04005
32.0,3.5,4596.6,13.8,,0,1,1,0,0,0,0,1,0,0,0,0,0,0,0,1,0,False,False,False,False,86.075775
39.0,3.2,4329.4,22.7,,0,0,0,1,0,0,0,1,0,0,0,0,0,1,0,0,0,False,False,False,False,92.53439
34.0,3.5,4508.9,15.8,,1,0,0,0,0,1,0,0,1,0,0,1,0,0,1,0,0,False,False,False,False,97.321655
32.0,3.7,4668.6,,,0,1,0,0,0,1,0,0,0,1,0,0,0,1,1,0,0,False,False,False,True,84.613556
32.0,3.0,3914.7,13.4,,0,1,0,0,0,1,0,0,0,1,0,1,0,0,0,0,0,False,False,False,False,84.56938
30.0,3.3,4546.3,10.1,,1,0,0,0,0,1,0,0,0,0,1,0,1,0,0,0,1,False,False,False,False,100.80979
31.0,3.3,4363.4,10.9,,1,0,1,0,0,0,0,0,0,0,0,0,0,0,1,0,0,False,False,False,False,95.53186
34.0,3.1,4142.0,17.3,,0,1,0,0,0,0,0,1,0,0,0,0,0,1,1,0,0,False,False,False,False,87.25143
29.0,3.3,4388.1,7.5,,1,0,0,0,0,0,0,0,0,0,0,1,0,0,1,0,0,False,False,False,False,94.09779
,3.8,4681.1,8.1,,1,0,0,0,0,0,0,0,1,0,0,0,0,1,0,0,1,True,False,False,False,95.00429
,4.0,4772.2,22.9,,1,0,0,0,0,1,1,0,0,0,0,0,0,1,1,0,0,True,False,False,False,100.47907
34.0,3.6,,15.1,,0,1,0,1,0,0,0,0,0,1,0,0,0,1,1,0,0,False,False,True,False,85.9353
39.0,3.6,4691.7,23.6,,0,0,0,0,0,0,0,0,1,0,0,0,0,1,0,1,0,False,False,False,False,93.20868
34.0,,4402.2,16.6,,1,0,0,0,0,1,0,0,1,0,0,0,1,0,1,0,0,False,True,False,False,99.56089
35.0,3.7,4701.6,18.0,,0,1,1,0,0,0,0,0,0,0,0,1,0,0,0,1,0,False,False,False,False,86.669785
35.0,3.5,4573.9,17.4,,0,1,0,0,0,1,0,1,0,0,0,0,0,1,1,0,0,False,False,False,False,87.07022
29.0,,4583.1,9.4,,0,1,0,0,0,1,0,0,0,0,0,0,1,0,1,0,0,False,True,False,False,87.050896
34.0,3.1,4098.1,16.3,,0,1,0,0,0,1,0,1,0,0,0,0,1,0,1,0,0,False,False,False,False,89.92121
33.0,,4697.5,15.2,,0,1,0,0,1,0,0,0,0,1,0,0,0,1,0,0,0,False,True,False,False,85.20837
38.0,3.3,4481.1,21.5,,0,0,1,0,0,0,0,0,1,0,0,0,0,0,1,0,0,False,False,False,False,93.26989
36.0,,4703.7,19.4,,0,1,1,0,0,0,0,1,0,0,0,0,0,1,0,0,1,False,True,False,False,88.03009
36.0,,4439.4,19.8,,0,0,0,0,0,1,0,0,1,0,0,1,0,0,1,0,0,False,True,False,False,90.78534
,4.1,4758.1,14.4,,0,1,0,0,0,1,0,0,0,1,0,0,0,1,0,0,0,True,False,False,False,85.481514
25.0,3.6,4568.4,3.8,,0,1,0,0,0,0,0,0,0,1,0,1,0,0,1,0,0,False,False,False,False,82.94363
39.0,3.5,4534.6,,,1,0,0,1,0,0,0,0,1,0,0,1,0,0,0,1,0,False,False,False,True,101.468285
37.0,3.7,4592.9,20.7,,0,1,1,0,0,0,0,0,0,0,0,0,0,1,0,0,0,False,False,False,False,88.423294
36.0,3.2,4391.3,19.8,,1,0,0,0,0,1,0,1,0,0,0,0,0,1,1,0,0,False,False,False,False,98.42267
36.0,4.0,4737.5,19.9,,0,0,0,0,0,0,0,0,0,1,0,1,0,0,1,0,0,False,False,False,False,89.89618
,4.0,4654.6,,,0,1,0,0,0,1,0,0,0,1,0,0,0,0,1,0,0,True,False,False,True,86.77492
27.0,3.6,4643.6,4.4,,1,0,0,0,0,0,0,0,0,1,0,0,0,1,0,0,0,False,False,False,False,93.255905
37.0,3.2,4232.8,20.9,,0,1,1,0,0,0,0,0,0,0,0,1,0,0,0,0,1,False,False,False,False,87.970375
27.0,3.7,4599.9,6.7,,1,0,0,0,0,0,0,0,0,0,1,0,0,1,0,0,1,False,False,False,False,98.758804
26.0,,4570.6,,,0,1,1,0,0,0,0,1,0,0,0,0,0,1,0,0,1,False,True,False,True,84.50806
,4.2,4873.1,30.4,,0,1,1,0,0,0,0,0,0,1,0,0,0,1,1,0,0,True,False,False,False,90.61156
,4.0,4811.9,,,0,1,0,0,0,1,0,0,0,0,0,0,0,1,1,0,0,True,False,False,True,87.95848
41.0,3.7,,26.9,,0,0,1,0,0,0,0,0,0,1,0,0,1,0,1,0,0,False,False,True,False,96.57625
39.0,4.1,4777.7,24.9,,0,1,0,0,0,1,0,0,0,0,0,0,0,0,1,0,0,False,False,False,False,90.36638
34.0,3.1,4166.6,15.6,,0,1,0,0,1,0,0,0,0,1,0,0,0,1,0,0,1,False,False,False,False,86.149895
31.0,3.2,4302.9,11.4,,0,1,0,0,0,0,0,0,1,0,0,0,0,1,0,1,0,False,False,False,False,85.85763
42.0,3.9,4651.7,27.5,,1,0,0,0,0,1,0,1,0,0,0,0,0,1,1,0,0,False,False,False,False,101.745255
,3.0,3861.9,18.9,,1,0,0,0,1,0,0,1,0,0,0,0,0,1,0,1,0,True,False,False,False,97.66613
37.0,3.2,4255.0,21.6,,0,1,0,0,1,0,0,1,0,0,0,0,0,1,1,0,0,False,False,False,False,89.23244
36.0,3.2,,19.1,,1,0,1,0,0,0,0,0,0,1,0,0,1,0,1,0,0,False,False,True,False,99.48954
32.0,3.5,4648.6,13.0,,0,1,0,0,0,1,0,0,1,0,0,0,0,0,0,0,1,False,False,False,False,86.648895
,3.5,4589.9,8.0,,0,0,0,0,0,1,0,0,1,0,0,0,0,1,0,0,0,True,False,False,False,88.1812
39.0,3.6,4681.6,,,0,1,0,0,0,1,0,0,0,1,0,0,0,1,1,0,0,False,False,False,True,89.037674
25.0,3.5,4668.7,3.8,,0,0,1,0,0,0,0,0,0,1,0,0,0,0,0,1,0,False,False,False,False,87.44714
34.0,3.6,4557.8,16.0,,0,1,0,0,0,1,0,0,0,1,0,0,0,1,1,0,0,False,False,False,False,85.6723
25.0,4.1,4712.4,3.4,,0,1,0,1,0,0,0,0,0,0,0,0,0,1,0,0,0,False,False,False,False,84.111725
32.0,3.7,4554.1,,,1,0,0,0,0,1,0,0,0,0,0,0,0,1,0,1,0,False,False,False,True,95.4627
30.0,3.6,4700.3,,,1,0,0,0,0,1,0,0,1,0,0,1,0,0,1,0,0,False,False,False,True,95.712395
44.0,3.8,4699.9,29.3,,0,1,1,0,0,0,0,0,0,1,0,0,0,1,0,1,0,False,False,False,False,91.563
31.0,3.1,4042.1,12.2,,0,1,0,0,0,0,0,0,0,1,0,0,0,1,1,0,0,False,False,False,False,84.72952
35.0,2.9,3631.3,17.0,,1,0,1,0,0,0,0,0,0,1,0,0,0,1,0,1,0,False,False,False,False,97.0355
38.0,3.3,4529.3,24.0,,1,0,0,0,0,1,0,1,0,0,0,1,0,0,1,0,0,False,False,False,False,99.34192
37.0,3.5,4530.8,21.0,,0,1,0,1,0,0,0,0,1,0,0,0,0,1,1,0,0,False,False,False,False,89.27626
30.0,4.3,5066.4,10.9,,0,0,0,0,0,1,1,0,0,0,0,0,0,1,0,0,1,False,False,False,False,91.90044
33.0,3.9,4740.3,14.1,,0,1,1,0,0,0,0,0,0,1,0,0,0,0,0,1,0,False,False,False,False,85.32697
40.0,,,,,0,1,0,0,0,0,0,0,0,1,0,1,0,0,1,0,0,False,True,True,True,90.69288
44.0,3.3,4532.5,27.2,,0,1,1,0,0,0,0,0,1,0,0,0,0,1,0,0,0,False,False,False,False,92.51579
23.0,3.2,4212.1,2.4,,1,0,1,0,0,0,0,0,1,0,0,0,0,1,1,0,0,False,False,False,False,94.99338
29.0,,4505.5,8.7,,0,1,0,0,0,0,0,0,0,1,0,0,0,1,1,0,0,False,True,False,False,84.02488
37.0,3.7,4631.6,,,0,1,0,0,0,1,0,1,0,0,0,0,0,1,1,0,0,False,False,False,True,88.504684
29.0,3.4,4607.1,7.3,,1,0,0,0,0,1,0,0,0,1,0,1,0,0,1,0,0,False,False,False,False,93.23375
32.0,3.2,4200.9,12.5,,1,0,0,0,0,0,0,0,0,0,0,0,0,0,0,0,1,False,False,False,False,96.11165
39.0,3.7,4655.7,,,0,1,0,0,0,0,0,0,0,1,0,1,0,0,1,0,0,False,False,False,True,89.240524
34.0,3.9,4680.9,17.2,,1,0,0,0,0,1,0,1,0,0,0,0,0,0,1,0,0,False,False,False,False,97.08403
39.0,4.0,4780.2,23.6,,0,1,1,0,0,0,0,0,0,1,0,1,0,0,1,0,0,False,False,False,False,88.3137
35.0,2.8,3253.8,17.7,,0,1,0,0,0,1,0,0,0,1,0,0,0,0,0,1,0,False,False,False,False,87.468765
31.0,3.1,4038.8,,,0,1,0,0,0,0,0,0,0,1,0,0,0,1,1,0,0,False,False,False,True,84.903915
36.0,2.9,3639.4,19.9,,0,1,0,0,0,1,0,1,0,0,0,0,1,0,1,0,0,False,False,False,False,90.94596
44.0,3.1,,28.8,,0,1,0,0,0,0,0,0,0,0,0,0,0,1,1,0,0,False,False,True,False,93.044044
45.0,3.7,4701.0,,,0,1,1,0,0,0,0,0,0,0,1,0,0,1,0,0,0,False,False,False,True,93.83716
25.0,4.1,4718.2,2.6,,1,0,0,0,1,0,0,0,0,1,0,0,0,0,1,0,0,False,False,False,False,93.20794
41.0,3.7,4661.2,25.2,,0,1,0,0,0,1,0,0,0,0,1,0,0,1,0,0,1,False,False,False,False,94.75373
40.0,2.9,3586.4,25.2,,0,1,0,0,0,1,0,0,0,0,0,0,0,1,0,0,0,False,False,False,False,91.19963
44.0,3.0,3824.1,28.7,,0,0,1,0,0,0,0,0,0,0,1,1,0,0,1,0,0,False,False,False,False,96.7089
,3.6,4573.8,,,0,1,0,0,1,0,0,0,0,1,0,0,0,0,1,0,0,True,False,False,True,86.29759
,3.6,4545.5,16.6,,1,0,0,0,0,1,0,0,0,1,0,0,0,1,0,0,0,True,False,False,False,95.42017
,,4505.0,16.9,,0,0,1,0,0,0,0,0,1,0,0,0,0,1,0,1,0,True,True,False,False,90.49478
,3.2,4347.4,20.7,,1,0,0,0,0,1,0,0,0,1,0,0,0,1,0,1,0,True,False,False,False,97.58053
33.0,,4444.1,16.1,,0,1,0,0,0,1,0,0,0,1,0,0,0,1,1,0,0,False,True,False,False,85.45494
43.0,2.6,2587.5,27.7,,0,1,0,0,0,1,0,1,0,0,0,0,0,1,1,0,0,False,False,False,False,94.09079
34.0,3.5,4605.8,15.4,,0,1,0,0,0,1,0,0,0,0,0,0,0,1,1,0,0,False,False,False,False,86.65497
32.0,3.7,4732.1,12.7,,0,1,0,0,0,0,1,0,0,0,0,0,0,1,1,0,0,False,False,False,False,88.57997
33.0,3.8,,15.0,,0,1,1,0,0,0,0,0,0,1,0,0,0,1,1,0,0,False,False,True,False,85.30776
40.0,,5598.3,24.3,,0,1,0,0,0,1,0,0,1,0,0,1,0,0,1,0,0,False,True,False,False,90.82015
36.0,,4468.0,18.3,,0,1,1,0,0,0,0,1,0,0,0,1,0,0,1,0,0,False,True,False,False,87.31478
41.0,,4474.5,26.0,,0,1,0,0,0,1,0,1,0,0,0,0,0,1,1,0,0,False,True,False,False,91.234764
42.0,3.0,,26.3,,0,1,0,0,0,1,0,1,0,0,0,1,0,0,0,0,0,False,False,True,False,91.646034
25.0,3.1,4018.9,4.4,,1,0,0,0,1,0,0,0,0,0,0,0,0,1,0,1,0,False,False,False,False,94.53226
31.0,3.8,4567.7,9.7,,1,0,0,0,0,1,0,0,1,0,0,0,0,0,1,0,0,False,False,False,False,95.8052
31.0,3.0,,10.8,,0,1,0,0,0,1,0,0,0,1,0,0,0,1,0,1,0,False,False,True,False,84.85235
41.0,3.1,4179.2,26.2,,1,0,0,0,0,1,0,0,0,1,0,1,0,0,1,0,0,False,False,False,False,100.39078
31.0,3.2,4299.6,12.9,,0,0,0,0,0,1,0,0,1,0,0,1,0,0,0,1,0,False,False,False,False,88.80039
,3.7,4556.6,7.7,,1,0,1,0,0,0,0,0,0,0,1,1,0,0,1,0,0,True,False,False,False,98.5377
35.0,3.6,4728.4,,,0,1,1,0,0,0,0,0,1,0,0,1,0,0,1,0,0,False,False,False,True,88.26546
37.0,3.3,4470.0,20.8,,1,0,1,0,0,0,0,0,0,1,0,0,0,1,1,0,0,False,False,False,False,98.07639
40.0,2.8,3181.1,25.4,,0,1,0,0,1,0,0,1,0,0,0,0,0,1,0,0,0,False,False,False,False,91.62199
30.0,,4557.7,10.5,,0,1,0,0,1,0,0,0,0,1,0,1,0,0,0,0,1,False,True,False,False,83.773315
,3.5,4539.3,18.4,,0,1,1,0,0,0,0,0,0,0,0,0,0,1,0,0,1,True,False,False,False,87.604416
33.0,4.0,4817.3,14.0,,1,0,0,1,0,0,0,0,0,1,0,0,0,1,1,0,0,False,False,False,False,94.68452
32.0,,3811.1,,,0,1,0,0,0,1,0,0,1,0,0,0,0,1,1,0,0,False,True,False,True,86.74797
46.0,,4784.4,29.1,,0,1,1,0,0,0,0,1,0,0,0,0,0,1,1,0,0,False,True,False,False,92.624214
,3.5,4550.5,14.4,,0,1,0,0,0,1,0,1,0,0,0,0,1,0,0,0,1,True,False,False,False,89.43084
30.0,3.2,4359.3,9.2,,0,1,0,0,0,1,0,0,0,1,0,0,0,1,1,0,0,False,False,False,False,83.79137
45.0,3.8,4679.5,29.5,,0,1,0,1,0,0,0,1,0,0,0,0,0,1,0,0,1,False,False,False,False,92.397644
38.0,3.4,4550.7,21.8,,1,0,0,0,0,1,0,0,0,0,1,0,1,0,1,0,0,False,False,False,False,104.95934
29.0,3.6,,8.5,,1,0,0,0,1,0,0,1,0,0,0,0,0,1,0,0,1,False,False,True,False,94.50165
30.0,3.1,4060.0,10.5,,0,0,0,0,0,1,0,0,1,0,0,0,0,1,0,0,0,False,False,False,False,89.13933
,3.5,4669.3,9.9,,0,1,0,0,0,1,0,0,0,1,0,0,0,0,1,0,0,True,False,False,False,84.26611
29.0,3.6,4619.4,,,0,0,1,0,0,0,0,0,0,0,0,0,0,0,1,0,0,False,False,False,True,89.016785
42.0,3.1,,27.8,,1,0,0,0,0,1,0,0,0,1,0,0,0,0,0,1,0,False,False,True,False,101.79707
27.0,3.5,4698.6,5.5,,0,1,1,0,0,0,1,0,0,0,0,0,0,0,0,0,0,False,False,False,False,87.606415
39.0,3.1,4144.8,23.6,,0,1,0,0,0,1,0,1,0,0,0,0,0,0,0,0,1,False,False,False,False,90.544876
40.0,3.7,4723.2,25.7,,1,0,0,0,0,1,0,0,1,0,0,0,0,1,1,0,0,False,False,False,False,101.23849
,3.6,4612.8,19.4,,0,1,0,0,0,1,0,0,0,1,0,0,0,1,1,0,0,True,False,False,False,86.99609
36.0,,4627.3,20.5,,0,1,0,0,0,1,0,0,1,0,0,0,0,1,1,0,0,False,True,False,False,88.539345
39.0,3.8,4724.9,23.4,,1,0,0,0,0,1,0,0,0,0,0,0,0,1,1,0,0,False,False,False,False,100.010826
,3.5,4524.6,9.9,,0,0,0,0,0,1,0,0,1,0,0,1,0,0,1,0,0,True,False,False,False,87.22892
,3.7,4594.2,18.2,,0,1,0,0,0,0,0,0,1,0,0,0,0,1,1,0,0,True,False,False,False,87.75184
35.0,,4624.8,17.8,,1,0,1,0,0,0,0,0,0,0,0,1,0,0,0,0,1,False,True,False,False,97.17285
34.0,3.5,4580.2,15.8,,1,0,1,0,0,0,0,0,0,0,0,0,0,0,1,0,0,False,False,False,False,97.00956
,,2916.8,11.5,,1,0,0,0,0,1,0,0,0,1,0,0,0,1,1,0,0,True,True,False,False,95.20508
,3.3,4535.9,15.1,,0,1,0,0,0,1,0,0,1,0,0,0,0,1,1,0,0,True,False,False,False,86.6915
37.0,3.6,,20.8,,0,1,0,0,0,1,0,1,0,0,0,0,0,1,0,0,1,False,False,True,False,88.42836
37.0,3.5,4543.1,22.5,,0,1,0,0,0,1,0,0,1,0,0,0,0,1,1,0,0,False,False,False,False,89.59098
51.0,,4566.1,29.6,,0,1,0,0,0,1,0,0,0,0,0,0,1,0,0,0,1,False,True,False,False,94.62449
37.0,2.9,3642.3,22.5,,1,0,0,0,0,1,0,0,0,1,0,0,0,1,1,0,0,False,False,False,False,99.17241
33.0,3.4,4506.9,,,0,1,1,0,0,0,0,0,0,1,0,1,0,0,1,0,0,False,False,False,True,84.642654
31.0,3.7,4632.2,,,0,1,0,0,0,1,0,0,0,0,0,0,0,1,1,0,0,False,False,False,True,85.232185
38.0,3.7,4715.8,21.2,,0,1,0,0,0,1,0,1,0,0,0,0,0,0,1,0,0,False,False,False,False,89.53596
,3.3,4358.9,10.2,,0,0,0,0,0,1,0,0,0,0,1,0,0,1,1,0,0,True,False,False,False,91.049515
40.0,3.3,4423.7,,,1,0,1,0,0,0,0,1,0,0,0,1,0,0,1,0,0,False,False,False,True,100.46514
31.0,,4528.8,,,1,0,0,0,0,1,0,1,0,0,0,0,0,1,1,0,0,False,True,False,True,94.95592
35.0,3.1,4049.5,19.2,,0,1,0,1,0,0,0,0,0,0,1,1,0,0,1,0,0,False,False,False,False,91.56752
37.0,3.4,4526.0,20.0,,1,0,0,0,1,0,0,0,1,0,0,0,1,0,1,0,0,False,False,False,False,101.510376
30.0,3.8,,9.6,,1,0,0,0,1,0,0,0,1,0,0,0,0,1,1,0,0,False,False,True,False,95.45698
34.0,3.7,,16.0,,0,1,0,0,1,0,0,0,1,0,0,0,0,1,1,0,0,False,False,True,False,87.47677
32.0,3.5,4529.9,12.5,,1,0,0,0,0,0,0,1,0,0,0,0,0,1,1,0,0,False,False,False,False,95.65155
35.0,3.1,4061.2,17.1,,0,1,0,0,0,0,0,0,0,1,0,0,0,1,0,1,0,False,False,False,False,86.69749
38.0,,4459.2,21.2,,0,0,0,0,1,0,0,1,0,0,0,0,0,1,1,0,0,False,True,False,False,91.621994
39.0,3.6,4566.4,25.1,,0,1,0,0,0,1,0,0,0,1,0,0,0,1,0,0,1,False,False,False,False,89.07685
33.0,,4555.2,16.1,,0,1,0,0,0,1,0,1,0,0,0,1,0,0,1,0,0,False,True,False,False,85.73767
38.0,3.2,4338.7,23.0,,0,1,0,1,0,0,0,0,0,1,0,0,0,1,0,1,0,False,False,False,False,89.197014
31.0,3.9,4591.2,10.4,,0,1,0,0,0,1,0,0,1,0,0,0,0,1,1,0,0,False,False,False,False,85.55257
38.0,3.7,4581.6,22.7,,1,0,0,1,0,0,1,0,0,0,0,0,0,0,0,0,1,False,False,False,False,103.69161
26.0,3.3,4353.0,4.3,,0,1,0,0,0,1,0,0,0,0,1,0,1,0,1,0,0,False,False,False,False,90.69503
27.0,3.8,,,,1,0,0,0,0,1,0,1,0,0,0,0,0,1,1,0,0,False,False,True,True,94.78387
29.0,3.5,,7.1,,0,1,0,0,0,1,0,0,0,0,0,0,0,0,0,1,0,False,False,True,False,85.13586
,4.1,4838.8,27.6,,0,1,0,0,0,0,0,1,0,0,0,0,0,1,0,0,0,True,False,False,False,91.40524
40.0,3.3,4497.9,,,0,1,0,0,0,1,0,0,0,0,0,0,0,1,1,0,0,False,False,False,True,90.59954
38.0,4.3,5143.1,22.4,,1,0,0,1,0,0,0,0,0,1,0,0,1,0,0,0,0,False,False,False,False,100.92312
41.0,,4394.1,26.3,,0,1,0,0,0,1,0,1,0,0,0,0,0,0,0,1,0,False,True,False,False,91.69208
30.0,2.7,,10.9,,0,1,0,0,0,0,0,0,0,1,0,0,0,1,1,0,0,False,False,True,False,85.06289
30.0,3.9,4727.7,9.3,,0,1,1,0,0,0,0,0,0,1,0,0,0,1,1,0,0,False,False,False,False,83.562965
38.0,3.8,4600.6,22.7,,1,0,0,1,0,0,0,0,0,1,0,1,0,0,1,0,0,False,False,False,False,98.42237
35.0,3.5,4608.3,,,0,0,0,0,1,0,0,1,0,0,0,0,0,1,1,0,0,False,False,False,True,90.337845
33.0,3.0,3943.0,15.5,,1,0,1,0,0,0,0,0,0,1,0,0,0,1,1,0,0,False,False,False,False,95.660355
36.0,3.7,4736.6,19.5,,0,1,1,0,0,0,0,0,0,0,0,1,0,0,0,0,1,False,False,False,False,87.20277
40.0,3.8,4687.5,25.2,,0,1,1,0,0,0,0,0,1,0,0,0,0,0,1,0,0,False,False,False,False,91.31759
27.0,2.9,,5.6,,1,0,0,0,1,0,0,0,0,0,1,0,0,1,0,0,1,False,False,True,False,97.47781
41.0,3.6,4682.5,24.7,,0,1,0,0,0,1,0,1,0,0,0,0,0,0,1,0,0,False,False,False,False,91.53261
,3.5,4661.2,17.8,,1,0,0,0,1,0,0,0,0,1,0,0,0,1,0,0,0,True,False,False,False,96.388054
36.0,3.5,4598.6,,,0,1,0,0,0,1,0,0,0,1,0,0,0,0,0,1,0,False,False,False,True,87.714836
39.0,,5442.5,22.5,,0,1,0,0,0,1,0,1,0,0,0,0,0,1,0,1,0,False,True,False,False,89.561386
44.0,2.8,3198.0,,,0,1,1,0,0,0,0,0,1,0,0,1,0,0,0,0,0,False,False,False,True,93.390945
,3.6,4695.7,8.0,,1,0,0,0,0,1,0,1,0,0,0,1,0,0,1,0,0,True,False,False,False,93.7589
39.0,3.5,4637.5,23.4,,0,1,0,1,0,0,0,0,0,1,0,0,0,1,1,0,0,False,False,False,False,88.80195
32.0,,3528.8,13.7,,1,0,1,0,0,0,0,0,1,0,0,0,0,1,0,0,1,False,True,False,False,97.04209
41.0,3.7,4632.5,25.6,,0,1,0,0,0,1,0,0,0,1,0,0,0,0,0,0,1,False,False,False,False,90.498314
37.0,3.8,4668.0,21.2,,1,0,1,0,0,0,0,1,0,0,0,0,0,1,0,0,1,False,False,False,False,99.02743
41.0,3.9,,27.6,,0,0,0,1,0,0,0,0,0,1,0,0,0,1,1,0,0,False,False,True,False,94.263214
32.0,2.9,3641.5,14.9,,0,0,0,0,0,0,0,0,0,1,0,0,0,0,0,1,0,False,False,False,False,89.86328
35.0,3.5,,18.5,,0,1,0,0,0,1,0,0,0,1,0,0,0,0,0,0,0,False,False,True,False,86.63855
28.0,3.6,4647.7,8.5,,0,1,0,0,0,1,0,1,0,0,0,0,0,1,0,0,1,False,False,False,False,84.143295
39.0,,,23.5,,0,1,0,0,0,1,0,0,0,1,0,0,0,1,1,0,0,False,True,True,False,89.445526
38.0,3.3,4354.2,23.5,,0,1,0,0,1,0,0,1,0,0,0,0,0,1,0,1,0,False,False,False,False,89.88969
37.0,2.9,3626.4,22.2,,0,1,0,0,0,1,0,0,1,0,0,1,0,0,0,0,0,False,False,False,False,89.75663
38.0,,4248.3,22.4,,0,1,0,0,0,1,0,0,0,0,0,0,0,0,0,0,0,False,True,False,False,89.85291
41.0,3.9,4765.1,24.7,,1,0,1,0,0,0,0,0,1,0,0,0,0,1,1,0,0,False,False,False,False,101.51874
40.0,4.2,5025.0,24.8,,1,0,0,1,0,0,0,0,0,1,0,0,0,1,0,0,0,False,False,False,False,99.591835
34.0,2.9,3523.7,16.1,,1,0,1,0,0,0,1,0,0,0,0,0,0,1,0,1,0,False,False,False,False,100.28113
,3.3,,,,0,1,0,0,0,0,0,0,0,0,1,0,0,0,0,1,0,True,False,True,True,90.64132
,3.4,4498.9,14.8,,1,0,1,0,0,0,0,0,0,1,0,0,0,1,1,0,0,True,False,False,False,95.15667
,3.3,,,,1,0,1,0,0,0,0,0,1,0,0,1,0,0,0,1,0,True,False,True,True,96.46835
,3.3,,7.3,,0,1,1,0,0,0,0,1,0,0,0,0,0,1,1,0,0,True,False,True,False,84.86279
30.0,4.4,5449.5,9.7,,0,0,1,0,0,0,0,1,0,0,0,0,0,1,0,0,0,False,False,False,False,87.31613
26.0,3.0,3941.8,,,1,0,0,0,0,1,0,0,0,0,0,0,0,1,1,0,0,False,False,False,True,95.03186
29.0,,,8.7,,0,1,0,0,0,0,0,1,0,0,0,0,0,1,0,0,1,False,True,True,False,84.5693
36.0,3.1,4191.2,,,0,1,0,0,0,0,0,0,1,0,0,0,0,1,1,0,0,False,False,False,True,89.737076
29.0,3.0,3909.2,8.5,,0,1,1,0,0,0,0,0,1,0,0,0,0,0,0,0,1,False,False,False,False,86.22909
32.0,3.5,4668.0,,,1,0,0,0,0,0,0,0,0,1,0,0,0,0,1,0,0,False,False,False,True,94.81606
,3.1,4027.8,24.0,,0,1,0,0,0,0,0,1,0,0,0,0,1,0,0,0,0,True,False,False,False,93.085526
37.0,4.5,5612.3,20.5,,0,1,0,0,0,0,1,0,0,0,0,0,0,1,1,0,0,False,False,False,False,90.883865
34.0,3.5,4639.8,16.6,,0,0,1,0,0,0,0,1,0,0,0,1,0,0,1,0,0,False,False,False,False,88.22723
27.0,3.7,4662.5,5.7,,0,1,0,0,0,1,0,0,0,0,1,0,1,0,1,0,0,False,False,False,False,90.52462
36.0,3.3,4431.4,19.2,,1,0,1,0,0,0,1,0,0,0,0,0,0,0,1,0,0,False,False,False,False,101.53998
36.0,3.2,4347.4,18.6,,0,1,0,0,1,0,0,1,0,0,0,0,0,0,0,1,0,False,False,False,False,88.44333
29.0,3.3,4396.9,8.2,,1,0,0,0,0,1,1,0,0,0,0,1,0,0,0,0,0,False,False,False,False,96.423996
35.0,3.4,,17.7,,0,1,0,0,0,1,0,0,0,1,0,0,0,1,1,0,0,False,False,True,False,86.30005
,2.9,,11.1,,1,0,1,0,0,0,0,0,0,0,0,0,1,0,0,1,0,True,False,True,False,97.8869
36.0,3.4,4533.9,19.5,,0,1,0,0,0,1,0,1,0,0,0,1,0,0,1,0,0,False,False,False,False,87.169
28.0,3.1,,7.4,,0,1,0,0,0,0,0,0,0,0,0,0,1,0,0,1,0,False,False,True,False,87.47491
43.0,3.6,4673.4,27.9,,0,1,1,0,0,0,0,1,0,0,0,0,0,1,1,0,0,False,False,False,False,92.35345
33.0,,4444.6,13.3,,0,1,0,0,0,1,0,0,1,0,0,0,0,1,0,1,0,False,True,False,False,86.553116
29.0,4.2,,8.9,,0,1,0,0,1,0,0,0,0,0,1,0,0,0,0,0,0,False,False,True,False,88.56204
38.0,,4603.8,23.7,,0,1,0,0,0,1,0,0,1,0,0,0,0,1,0,1,0,False,True,False,False,90.10484
38.0,3.2,4195.2,24.1,,0,1,0,0,0,0,0,0,0,0,0,0,0,1,0,0,1,False,False,False,False,90.23883
42.0,3.3,4399.1,25.7,,0,1,0,0,0,1,0,0,0,1,0,0,0,1,1,0,0,False,False,False,False,90.66423
35.0,3.0,3861.2,,,0,1,0,0,0,1,0,1,0,0,0,0,0,1,0,1,0,False,False,False,True,88.26344
,,4366.7,18.4,,0,1,1,0,0,0,0,0,0,0,0,0,0,1,0,0,0,True,True,False,False,87.57303
38.0,3.5,4508.2,21.7,,1,0,1,0,0,0,0,1,0,0,0,1,0,0,0,0,1,False,False,False,False,98.74168
27.0,3.8,,5.9,,0,1,0,0,0,0,0,0,1,0,0,0,0,1,1,0,0,False,False,True,False,84.86298
36.0,3.6,4642.5,19.5,,0,1,0,0,0,1,0,0,0,1,0,0,0,0,0,0,1,False,False,False,False,87.20274
32.0,3.3,,13.7,,1,0,0,0,0,1,0,0,0,1,0,0,0,0,0,1,0,False,False,True,False,95.24412
35.0,3.6,4686.9,18.3,,0,1,0,0,1,0,0,0,1,0,0,1,0,0,0,1,0,False,False,False,False,87.27693
,3.6,,22.7,,0,1,0,0,0,0,0,0,0,0,0,0,0,1,0,0,1,True,False,True,False,89.1446
33.0,3.6,,14.1,,0,1,0,0,1,0,0,0,1,0,0,0,0,1,1,0,0,False,False,True,False,86.6238
35.0,,4449.4,18.0,,1,0,0,0,0,1,0,0,0,1,0,0,1,0,0,0,0,False,True,False,False,98.99139
33.0,,4642.7,14.6,,0,1,0,0,0,0,0,0,0,0,0,0,0,1,0,0,0,False,True,False,False,86.0426
,,4624.9,13.6,,0,1,1,0,0,0,0,0,0,1,0,1,0,0,0,1,0,True,True,False,False,85.14792
38.0,2.5,2219.7,22.9,,0,0,1,0,0,0,0,0,1,0,0,0,0,0,0,0,1,False,False,False,False,95.545166
38.0,2.9,3573.0,23.7,,0,1,0,0,0,1,0,0,0,1,0,0,0,1,0,1,0,False,False,False,False,89.853836
35.0,,5295.5,17.3,,1,0,1,0,0,0,0,0,0,1,0,1,0,0,1,0,0,False,True,False,False,96.56401
35.0,3.4,4561.7,18.6,,0,1,0,0,0,1,0,1,0,0,0,1,0,0,0,0,0,False,False,False,False,86.54707
33.0,4.0,4739.8,14.5,,1,0,1,0,0,0,0,0,0,0,0,0,0,1,1,0,0,False,False,False,False,95.87021
34.0,3.7,4568.6,14.6,,1,0,0,0,0,1,0,0,0,1,0,0,1,0,1,0,0,False,False,False,False,98.175385
,3.1,4099.3,23.7,,0,1,1,0,0,0,0,0,1,0,0,0,0,1,0,0,1,True,False,False,False,90.79164
31.0,3.1,4121.4,13.0,,0,1,1,0,0,0,0,0,1,0,0,0,0,1,0,0,1,False,False,False,False,86.66984
,3.6,4580.0,13.6,,1,0,0,0,0,1,0,0,0,0,0,0,0,1,1,0,0,True,False,False,False,95.705345
36.0,3.9,4743.4,19.8,,0,1,0,0,0,0,0,0,1,0,0,1,0,0,1,0,0,False,False,False,False,87.75704
41.0,,4720.8,26.7,,0,1,0,0,1,0,0,0,1,0,0,0,0,0,1,0,0,False,True,False,False,91.75557
27.0,4.0,4702.0,5.6,,1,0,0,0,0,0,0,1,0,0,0,0,1,0,0,0,0,False,False,False,False,96.840096
31.0,4.1,4848.4,11.7,,0,1,1,0,0,0,0,1,0,0,0,0,0,1,0,0,1,False,False,False,False,84.97016
31.0,3.6,4671.3,11.2,,0,1,0,0,0,1,0,1,0,0,0,1,0,0,1,0,0,False,False,False,False,84.41789
38.0,4.1,4836.0,21.8,,0,1,0,0,0,1,0,1,0,0,0,0,0,0,0,1,0,False,False,False,False,89.918304
36.0,3.5,4668.6,18.8,,0,1,1,0,0,0,0,0,1,0,0,0,0,1,0,0,1,False,False,False,False,88.752464
,3.5,4549.7,13.7,,0,0,1,0,0,0,0,0,0,1,0,1,0,0,1,0,0,True,False,False,False,87.32114
28.0,3.2,4332.3,7.2,,0,1,0,0,0,0,0,1,0,0,0,0,0,0,1,0,0,False,False,False,False,85.00667
42.0,,4691.8,,,0,0,0,0,0,0,1,0,0,0,0,0,0,1,0,0,1,False,True,False,True,96.61071
37.0,,4505.8,19.7,,0,1,0,0,0,1,0,1,0,0,0,0,0,1,1,0,0,False,True,False,False,88.29376
28.0,3.7,4731.4,7.2,,1,0,0,0,0,1,0,0,0,1,0,0,0,0,1,0,0,False,False,False,False,93.5666
40.0,3.6,4604.6,26.1,,0,1,0,0,0,1,0,0,0,0,0,1,0,0,0,1,0,False,False,False,False,89.7954
34.0,,4734.3,17.4,,0,1,0,0,0,0,0,0,0,1,0,0,0,1,1,0,0,False,True,False,False,85.909164
37.0,3.5,4698.8,21.7,,0,1,1,0,0,0,0,1,0,0,0,1,0,0,0,0,1,False,False,False,False,88.20114
33.0,3.8,4589.8,15.7,,0,1,0,0,1,0,0,1,0,0,0,1,0,0,0,0,0,False,False,False,False,85.4546
,,4627.2,30.5,,1,0,0,0,0,0,0,0,1,0,0,1,0,0,0,0,0,True,True,False,False,101.11127
,4.0,,13.2,,0,1,1,0,0,0,0,0,1,0,0,0,0,0,1,0,0,True,False,True,False,86.382835
42.0,2.7,2841.3,,,0,1,0,0,0,0,0,1,0,0,0,0,0,1,1,0,0,False,False,False,True,93.65282
38.0,3.6,4564.9,22.6,,0,0,0,0,0,1,0,1,0,0,0,1,0,0,1,0,0,False,False,False,False,91.3316
31.0,3.5,4641.7,13.3,,1,0,1,0,0,0,0,0,1,0,0,0,0,1,0,0,1,False,False,False,False,95.99623
,2.9,3510.9,21.9,,1,0,0,0,0,1,0,0,0,1,0,0,0,0,1,0,0,True,False,False,False,99.96353
35.0,3.2,4370.4,18.2,,0,1,0,0,0,1,0,1,0,0,0,0,0,0,1,0,0,False,False,False,False,87.9406
29.0,2.8,3313.4,7.3,,0,1,0,0,1,0,0,0,0,1,0,1,0,0,0,1,0,False,False,False,False,84.386505
26.0,2.9,3501.5,3.7,,0,1,0,0,1,0,0,0,0,0,1,0,0,1,1,0,0,False,False,False,False,87.75953
43.0,3.6,4624.3,28.0,,0,1,0,0,0,0,0,1,0,0,0,0,0,1,0,1,0,False,False,False,False,92.3118
,3.2,4389.3,25.5,,1,0,0,0,0,1,0,0,0,0,1,0,0,1,0,0,1,True,False,False,False,102.33177
38.0,3.3,4441.5,22.3,,1,0,0,0,1,0,0,0,0,0,0,1,0,0,1,0,0,False,False,False,False,99.08322
30.0,3.1,4089.0,9.1,,0,1,0,0,0,1,0,0,0,1,0,0,1,0,0,0,1,False,False,False,False,86.53429
31.0,,3763.8,10.5,,1,0,0,0,0,1,0,1,0,0,0,0,1,0,0,0,0,False,True,False,False,97.68253
37.0,3.8,4603.9,19.4,,0,1,0,0,0,0,0,0,0,1,0,0,0,1,0,0,0,False,False,False,False,87.1944
40.0,3.3,,24.4,,0,1,1,0,0,0,0,0,0,1,0,0,0,1,1,0,0,False,False,True,False,90.10274
40.0,3.6,4535.2,25.7,,1,0,0,0,0,0,0,0,1,0,0,0,0,1,0,1,0,False,False,False,False,101.54637
,2.8,3145.5,7.6,,0,1,0,0,0,1,0,0,0,0,1,0,1,0,1,0,0,True,False,False,False,90.995255
43.0,3.2,4253.4,27.7,,0,1,0,0,0,1,0,0,0,0,1,1,0,0,0,0,1,False,False,False,False,94.562744
32.0,4.0,4696.2,14.1,,0,1,0,0,0,1,0,1,0,0,0,0,0,1,1,0,0,False,False,False,False,85.630844
35.0,3.7,4734.5,17.2,,1,0,0,0,1,0,0,0,0,1,0,1,0,0,0,0,1,False,False,False,False,96.68362
27.0,,4536.0,4.9,,1,0,1,0,0,0,0,1,0,0,0,0,0,0,0,1,0,False,True,False,False,94.67606
35.0,,4613.4,18.4,,1,0,1,0,0,0,0,1,0,0,0,0,0,1,0,0,0,False,True,False,False,97.36305
24.0,3.6,4541.4,3.6,,0,0,1,0,0,0,0,0,1,0,0,0,0,0,1,0,0,False,False,False,False,88.526535
33.0,,4688.8,15.1,,0,1,1,0,0,0,0,0,0,0,0,0,0,1,0,0,0,False,True,False,False,86.010025
37.0,3.2,4325.8,21.0,,1,0,0,0,0,1,0,0,0,0,0,0,0,0,0,0,1,False,False,False,False,99.20258
43.0,3.5,4634.4,29.7,,0,1,0,0,0,0,0,0,0,1,0,1,0,0,1,0,0,False,False,False,False,91.10629
31.0,3.3,4405.4,13.1,,0,1,1,0,0,0,0,0,0,0,0,0,0,1,0,1,0,False,False,False,False,85.38701
28.0,3.9,4603.7,8.2,,1,0,0,0,1,0,0,0,1,0,0,0,1,0,1,0,0,False,False,False,False,96.93475
,,3892.3,14.1,,0,1,0,0,0,1,0,0,1,0,0,0,0,0,1,0,0,True,True,False,False,87.25043
30.0,3.2,4251.6,,,0,1,0,0,1,0,0,1,0,0,0,1,0,0,1,0,0,False,False,False,True,84.57121
34.0,3.1,4105.8,15.9,,0,1,0,0,0,0,0,0,1,0,0,0,1,0,0,0,0,False,False,False,False,90.435326
24.0,2.9,3567.6,3.9,,0,1,1,0,0,0,0,0,0,0,0,0,0,1,1,0,0,False,False,False,False,84.98804
36.0,3.5,4673.4,21.0,,0,1,1,0,0,0,0,0,0,0,1,0,0,1,1,0,0,False,False,False,False,92.902756
33.0,3.0,3957.3,,,0,1,0,0,1,0,0,0,0,1,0,0,1,0,1,0,0,False,False,False,True,88.10726
32.0,3.2,,13.1,,0,1,1,0,0,0,0,0,0,1,0,0,0,1,1,0,0,False,False,True,False,85.06847
,3.1,4164.1,8.8,,0,1,0,0,0,0,0,1,0,0,0,0,0,0,1,0,0,True,False,False,False,85.32989
38.0,3.4,4618.9,23.9,,0,0,0,0,0,0,0,1,0,0,0,0,0,0,0,1,0,False,False,False,False,93.47772
,4.5,5583.9,13.5,,0,0,0,0,0,1,0,1,0,0,0,0,0,0,1,0,0,True,False,False,False,89.53902
30.0,5.2,9048.8,10.8,,0,0,0,0,1,0,0,1,0,0,0,1,0,0,1,0,0,False,False,False,False,86.7748
32.0,,4630.1,13.9,,0,0,0,0,0,0,0,0,0,1,0,0,0,0,1,0,0,False,True,False,False,88.75825
34.0,3.3,4367.9,,,0,1,1,0,0,0,0,0,0,1,0,0,0,1,1,0,0,False,False,False,True,86.48803
33.0,3.7,4704.6,14.9,,1,0,0,1,0,0,0,0,0,1,0,0,0,1,1,0,0,False,False,False,False,94.74737
37.0,,4731.0,20.7,,0,1,0,0,0,0,0,0,0,1,0,0,0,1,1,0,0,False,True,False,False,87.730865
32.0,,,12.5,,0,1,1,0,0,0,0,1,0,0,0,1,0,0,0,1,0,False,True,True,False,85.84553
44.0,,,28.0,,0,1,0,0,0,0,0,0,0,1,0,0,0,0,0,0,1,False,True,True,False,91.85072
37.0,4.1,4759.3,20.2,,1,0,0,0,0,1,0,0,0,1,0,0,0,1,0,1,0,False,False,False,False,97.747986
29.0,4.1,4760.0,7.9,,0,1,1,0,0,0,0,0,0,0,1,0,0,1,1,0,0,False,False,False,False,89.055405
38.0,3.4,4548.4,23.3,,1,0,0,0,1,0,0,0,1,0,0,0,0,1,0,0,0,False,False,False,False,100.4505
32.0,3.6,4554.7,,,0,0,0,0,1,0,0,0,0,0,0,0,0,1,1,0,0,False,False,False,True,89.014496
40.0,3.7,,25.1,,0,0,1,0,0,0,0,0,0,0,1,1,0,0,1,0,0,False,False,True,False,95.020706
33.0,4.0,4776.3,,,0,1,0,0,0,1,0,0,1,0,0,0,0,1,1,0,0,False,False,False,True,86.32163
35.0,3.9,,18.5,,0,1,0,0,0,1,0,0,0,1,0,0,1,0,1,0,0,False,False,True,False,88.889244
37.0,3.7,4729.6,20.7,,0,1,0,0,0,1,0,0,0,1,0,1,0,0,0,1,0,False,False,False,False,87.07597
,3.4,4484.8,5.5,,0,1,0,0,1,0,0,0,0,0,0,0,0,1,0,1,0,True,False,False,False,84.44446
35.0,3.6,4586.0,16.8,,0,1,0,0,0,1,0,1,0,0,0,0,0,1,1,0,0,False,False,False,False,87.04458
36.0,3.6,4629.8,19.7,,0,1,1,0,0,0,0,0,0,1,0,0,0,1,0,0,1,False,False,False,False,86.87595
30.0,4.2,4842.6,10.8,,0,1,0,0,1,0,0,0,0,1,0,0,0,0,0,0,1,False,False,False,False,83.99679
37.0,3.8,,19.7,,1,0,0,0,0,0,0,0,0,0,0,0,0,1,0,0,0,False,False,True,False,98.969696
39.0,3.7,4725.6,22.6,,0,0,0,0,0,0,0,0,1,0,0,1,0,0,0,0,1,False,False,False,False,92.28939
38.0,4.5,5611.2,22.0,,1,0,0,0,0,1,0,1,0,0,0,0,1,0,1,0,0,False,False,False,False,101.04467
32.0,3.6,4738.2,13.6,,0,1,0,0,0,0,0,0,1,0,0,1,0,0,1,0,0,False,False,False,False,85.64338
39.0,3.3,4503.5,23.4,,0,1,0,0,1,0,0,0,0,1,0,0,0,1,1,0,0,False,False,False,False,88.90961
36.0,3.9,4596.0,20.0,,0,1,1,0,0,0,0,0,0,1,0,0,0,1,0,0,0,False,False,False,False,86.882645
32.0,3.5,4624.1,13.6,,0,0,0,0,0,1,0,0,1,0,0,0,0,1,0,0,0,False,False,False,False,89.56298
29.0,3.3,4379.9,,,0,1,0,0,0,1,0,1,0,0,0,0,0,1,1,0,0,False,False,False,True,85.07779
43.0,3.9,,,,0,0,1,0,0,0,0,0,1,0,0,0,0,1,0,1,0,False,False,True,True,94.92653
29.0,3.2,,,,0,1,0,0,0,1,0,0,0,1,0,0,0,1,0,1,0,False,False,True,True,84.48424
35.0,3.5,4660.9,19.0,,0,1,1,0,0,0,0,0,1,0,0,1,0,0,1,0,0,False,False,False,False,87.5106
37.0,,4557.3,21.8,,0,1,0,0,1,0,0,0,0,1,0,0,0,0,0,0,1,False,True,False,False,88.440445
31.0,3.2,,,,0,1,0,0,0,1,0,0,0,1,0,0,0,1,1,0,0,False,False,True,True,84.95281
39.0,,4563.3,,,1,0,0,0,0,0,0,0,0,1,0,0,0,1,0,0,1,False,True,False,True,98.95641
32.0,4.1,4809.9,13.0,,1,0,0,0,0,1,0,0,1,0,0,0,0,1,1,0,0,False,False,False,False,96.18759
43.0,3.5,4568.0,28.0,,0,1,0,0,0,1,0,0,0,1,0,0,0,1,1,0,0,False,False,False,False,91.78566
30.0,3.4,4516.6,9.5,,0,1,1,0,0,0,0,1,0,0,0,1,0,0,1,0,0,False,False,False,False,84.03733
32.0,3.9,4729.3,12.4,,1,0,0,0,0,1,0,0,0,1,0,0,1,0,1,0,0,False,False,False,False,97.47869
36.0,3.8,4607.2,18.7,,1,0,0,0,1,0,0,1,0,0,0,0,0,1,0,1,0,False,False,False,False,97.65028
30.0,4.1,4902.7,9.9,,1,0,1,0,0,0,0,0,1,0,0,0,0,0,1,0,0,False,False,False,False,95.536835
27.0,3.8,,5.3,,1,0,1,0,0,0,0,0,0,0,0,0,0,1,1,0,0,False,False,True,False,94.301414
26.0,3.2,,3.1,,0,1,0,0,0,1,0,0,1,0,0,0,0,1,1,0,0,False,False,True,False,85.13169
41.0,4.5,5651.8,25.4,,0,1,0,0,0,1,0,0,0,0,0,0,0,1,0,0,1,False,False,False,False,90.52185
34.0,,4566.6,16.2,,0,1,0,0,0,1,0,0,0,1,0,0,0,0,1,0,0,False,True,False,False,86.277695
31.0,2.9,3515.3,11.7,,0,0,0,0,1,0,0,1,0,0,0,0,0,0,0,0,1,False,False,False,False,88.996666
32.0,4.3,5144.1,13.7,,0,1,0,0,0,1,0,1,0,0,0,0,0,0,1,0,0,False,False,False,False,86.08473
32.0,3.6,4549.0,11.6,,0,0,1,0,0,0,0,0,0,1,0,0,0,1,0,0,0,False,False,False,False,87.93456
,4.1,4764.0,29.4,,1,0,0,0,1,0,0,0,0,0,0,0,0,1,0,0,0,True,False,False,False,101.94051
32.0,3.9,4682.5,,,1,0,0,0,0,1,0,1,0,0,0,0,0,1,0,0,0,False,False,False,True,95.411446
31.0,3.9,,12.9,,0,1,0,0,0,0,0,0,1,0,0,1,0,0,1,0,0,False,False,True,False,85.60281
30.0,3.6,4559.2,10.7,,0,1,0,0,1,0,0,0,0,1,0,1,0,0,0,1,0,False,False,False,False,83.471565
36.0,3.5,4640.7,19.4,,0,1,0,0,0,1,0,1,0,0,0,0,1,0,0,0,1,False,False,False,False,90.40497
28.0,3.3,4421.9,8.6,,0,1,0,0,0,0,0,0,0,1,0,0,0,1,0,0,0,False,False,False,False,83.48498
32.0,2.8,3212.6,11.6,,0,1,1,0,0,0,0,0,0,1,0,0,0,0,0,1,0,False,False,False,False,85.969795
29.0,2.9,3619.9,8.3,,0,0,0,0,0,1,0,0,1,0,0,1,0,0,0,0,1,False,False,False,False,88.8935
32.0,3.4,4584.6,13.5,,0,1,1,0,0,0,0,0,0,1,0,1,0,0,0,0,0,False,False,False,False,83.85463
37.0,4.1,4748.2,20.9,,1,0,0,0,1,0,0,0,1,0,0,0,0,1,0,0,1,False,False,False,False,99.93542
38.0,3.7,,22.6,,0,1,1,0,0,0,0,0,0,1,0,0,1,0,0,0,1,False,False,True,False,91.09249
34.0,3.4,4460.0,16.7,,0,0,0,0,0,1,0,0,1,0,0,0,0,0,1,0,0,False,False,False,False,90.33231
31.0,3.3,4499.6,12.6,,0,1,0,0,0,1,0,0,0,1,0,0,1,0,1,0,0,False,False,False,False,87.25429
33.0,3.7,4578.3,14.6,,0,0,0,0,1,0,0,0,0,1,0,0,0,1,1,0,0,False,False,False,False,88.65477
,2.8,3256.6,31.6,,0,1,0,0,0,1,1,0,0,0,0,0,0,1,1,0,0,True,False,False,False,95.99613
39.0,3.6,4613.1,,,0,1,0,0,0,1,0,1,0,0,0,1,0,0,1,0,0,False,False,False,True,89.4511
30.0,3.4,4520.9,,,0,1,0,0,0,1,0,0,0,0,0,0,0,1,1,0,0,False,False,False,True,84.90578
33.0,3.5,4683.8,15.0,,0,0,1,0,0,0,0,0,0,0,1,0,0,1,0,0,0,False,False,False,False,92.22884
42.0,3.3,4449.8,25.9,,0,1,0,0,0,1,0,1,0,0,0,0,0,0,0,0,0,False,False,False,False,91.72185
33.0,3.7,4569.7,,,1,0,0,0,0,1,0,0,0,1,0,0,0,1,1,0,0,False,False,False,True,94.594475
31.0,3.9,4681.1,11.6,,0,0,0,0,0,0,0,1,0,0,0,0,1,0,0,1,0,False,False,False,False,90.863434
37.0,3.6,4623.6,20.2,,0,1,0,0,0,1,0,0,0,1,0,0,1,0,1,0,0,False,False,False,False,90.30793
36.0,,,20.3,,0,1,0,0,1,0,0,0,0,0,0,0,0,1,1,0,0,False,True,True,False,88.16086
31.0,4.5,5663.7,11.0,,0,1,0,0,0,1,0,1,0,0,0,0,0,1,0,0,0,False,False,False,False,84.774414
27.0,4.1,,5.2,,1,0,0,0,0,1,0,0,1,0,0,1,0,0,0,0,0,False,False,True,False,94.041954
28.0,3.3,4497.8,6.5,,1,0,0,0,0,1,0,1,0,0,0,0,0,1,0,0,0,False,False,False,False,94.578445
,3.4,4520.2,4.6,,0,1,0,0,0,1,0,1,0,0,0,0,0,1,1,0,0,True,False,False,False,84.56132
33.0,3.5,4503.7,13.1,,0,0,0,0,0,1,0,1,0,0,0,0,0,1,1,0,0,False,False,False,False,89.001114
40.0,3.1,,23.4,,0,1,0,0,0,0,0,0,0,0,0,1,0,0,0,0,1,False,False,True,False,90.20246
34.0,2.5,2197.5,16.2,,1,0,1,0,0,0,0,1,0,0,0,0,0,1,0,0,0,False,False,False,False,98.34136
34.0,,4665.0,15.9,,0,1,0,0,0,1,0,0,0,0,0,0,0,0,0,1,0,False,True,False,False,87.1075
34.0,3.0,3926.1,17.5,,0,1,0,0,0,0,0,0,1,0,0,0,0,1,1,0,0,False,False,False,False,87.85634
36.0,3.4,4633.8,18.7,,0,1,0,0,0,1,0,0,0,1,0,0,0,1,0,0,1,False,False,False,False,86.67934
31.0,3.1,4201.4,12.7,,1,0,1,0,0,0,0,0,0,0,0,0,0,1,1,0,0,False,False,False,False,95.50092
40.0,3.4,4588.3,24.5,,1,0,1,0,0,0,0,0,1,0,0,1,0,0,0,1,0,False,False,False,False,100.903915
,3.8,4682.3,,,1,0,1,0,0,0,0,0,0,1,0,0,1,0,0,0,0,True,False,False,True,97.871704
30.0,3.4,4477.8,8.9,,1,0,0,0,1,0,0,0,0,1,0,0,0,1,0,0,0,False,False,False,False,93.56233
37.0,,4320.6,22.0,,0,1,0,0,0,1,0,0,0,1,0,1,0,0,1,0,0,False,True,False,False,87.8083
40.0,2.9,3490.9,25.8,,0,1,0,0,0,1,0,1,0,0,0,0,0,1,1,0,0,False,False,False,False,91.76611
34.0,3.2,,16.9,,1,0,0,0,1,0,0,0,0,1,0,0,1,0,0,0,1,False,False,True,False,98.63788
39.0,3.1,4143.3,22.5,,1,0,0,0,0,0,0,0,0,1,0,1,0,0,0,0,0,False,False,False,False,98.778
29.0,3.8,4707.0,7.5,,0,1,0,0,1,0,0,1,0,0,0,0,0,1,0,0,0,False,False,False,False,84.55394
28.0,3.5,,6.9,,0,1,0,0,0,1,0,0,0,1,0,0,0,1,0,0,0,False,False,True,False,83.72922
34.0,,,16.7,,1,0,0,0,0,0,0,0,1,0,0,0,0,0,1,0,0,False,True,True,False,97.5574
40.0,3.9,4750.3,26.5,,0,1,0,0,0,1,0,0,0,1,0,1,0,0,0,1,0,False,False,False,False,89.691124
28.0,3.8,4644.3,7.3,,0,1,0,0,0,1,0,0,1,0,0,1,0,0,0,1,0,False,False,False,False,84.24777
35.0,2.3,1440.0,18.4,,0,1,0,0,0,1,0,0,1,0,0,0,0,0,1,0,0,False,False,False,False,90.4792
35.0,3.8,,18.1,,0,0,1,0,0,0,0,0,0,1,0,0,0,1,0,0,0,False,False,True,False,90.34189
38.0,3.9,4732.6,22.4,,0,1,0,1,0,0,0,1,0,0,0,1,0,0,1,0,0,False,False,False,False,88.381134
33.0,3.5,4610.3,,,0,1,1,0,0,0,0,0,0,1,0,1,0,0,1,0,0,False,False,False,True,84.51046
33.0,4.3,5019.2,,,1,0,0,0,0,0,0,0,0,1,0,0,0,1,1,0,0,False,False,False,True,94.23572
36.0,3.9,,20.1,,0,1,0,0,0,1,0,0,1,0,0,0,1,0,0,0,1,False,False,True,False,90.67457
29.0,4.2,4985.4,8.2,,1,0,1,0,0,0,0,1,0,0,0,0,1,0,1,0,0,False,False,False,False,97.00997
38.0,3.8,4737.9,22.5,,0,1,0,0,0,0,0,0,0,0,0,0,0,1,0,1,0,False,False,False,False,89.39515
45.0,3.1,4187.7,29.4,,1,0,0,0,1,0,0,0,0,0,0,0,0,1,0,0,0,False,False,False,False,102.23047
37.0,3.4,4530.0,21.2,,0,1,0,0,0,1,0,1,0,0,0,0,0,1,0,1,0,False,False,False,False,88.58345
34.0,2.9,3658.7,17.7,,0,1,0,0,0,0,0,0,1,0,0,1,0,0,0,1,0,False,False,False,False,87.60404
36.0,2.7,2910.0,19.9,,0,1,0,0,0,1,0,0,0,1,0,0,0,0,0,0,0,False,False,False,False,88.72422
24.0,3.7,4729.4,2.7,,0,1,0,0,0,0,0,0,0,1,0,0,0,1,1,0,0,False,False,False,False,83.32467
42.0,,4607.6,28.4,,0,1,0,0,0,1,0,0,0,1,0,0,0,0,0,0,0,False,True,False,False,91.51862
42.0,,4682.2,28.2,,0,1,1,0,0,0,0,1,0,0,0,1,0,0,0,1,0,False,True,False,False,91.185814
29.0,3.4,4631.6,8.6,,0,1,0,0,0,1,0,0,1,0,0,0,1,0,1,0,0,False,False,False,False,87.80037
29.0,3.0,,,,0,1,0,0,1,0,0,1,0,0,0,1,0,0,1,0,0,False,False,True,True,85.22684
32.0,3.9,4654.1,13.1,,0,1,0,0,1,0,0,0,0,0,0,0,0,0,1,0,0,False,False,False,False,85.81982
37.0,,4577.2,20.7,,1,0,0,0,0,1,0,0,1,0,0,0,0,0,1,0,0,False,True,False,False,99.47663
47.0,3.8,4593.2,29.6,,0,1,0,0,0,1,0,0,0,1,0,0,0,1,0,0,1,False,False,False,False,92.92498
,,4606.9,26.1,,1,0,1,0,0,0,0,0,0,1,0,0,0,1,1,0,0,True,True,False,False,99.785675
43.0,3.4,4507.0,29.6,,0,1,0,0,0,1,0,0,1,0,0,0,0,1,1,0,0,False,False,False,False,94.08679
33.0,4.1,4747.9,15.6,,0,1,0,1,0,0,0,0,0,1,0,0,0,0,1,0,0,False,False,False,False,85.28289
34.0,2.8,3244.9,17.4,,0,1,0,0,0,1,0,0,0,1,0,1,0,0,0,1,0,False,False,False,False,86.482506
36.0,3.5,4685.3,20.0,,0,1,0,0,0,1,0,0,0,1,0,0,1,0,1,0,0,False,False,False,False,89.40948
25.0,4.0,4622.9,3.4,,0,1,1,0,0,0,0,0,0,1,0,1,0,0,1,0,0,False,False,False,False,82.87293
28.0,2.9,3557.7,7.7,,0,1,0,0,0,0,0,1,0,0,0,1,0,0,0,1,0,False,False,False,False,84.6325
42.0,4.4,5386.5,,,0,1,1,0,0,0,0,0,0,0,1,0,0,1,1,0,0,False,False,False,True,93.2297
30.0,3.3,4411.9,9.7,,0,1,0,0,0,1,0,0,0,1,0,1,0,0,1,0,0,False,False,False,False,83.2753
31.0,,,,,0,1,0,0,0,0,0,1,0,0,0,1,0,0,1,0,0,False,True,True,True,85.72228
31.0,,4832.8,12.0,,1,0,0,1,0,0,0,0,0,1,0,0,1,0,1,0,0,False,True,False,False,96.688736
34.0,3.6,4683.6,15.7,,1,0,0,1,0,0,1,0,0,0,0,1,0,0,0,1,0,False,False,False,False,99.84884
41.0,3.4,4533.0,26.8,,0,1,0,0,0,1,0,1,0,0,0,0,0,1,1,0,0,False,False,False,False,91.48213
32.0,4.2,4919.3,13.0,,0,1,0,1,0,0,0,0,0,0,1,1,0,0,1,0,0,False,False,False,False,90.549286
35.0,3.7,4582.9,17.7,,0,1,0,1,0,0,0,0,0,1,0,0,0,1,0,0,0,False,False,False,False,86.01337
38.0,3.3,4419.8,22.7,,0,1,1,0,0,0,0,0,0,1,0,0,1,0,0,0,0,False,False,False,False,91.20825
32.0,3.1,4040.1,13.5,,1,0,0,0,0,0,1,0,0,0,0,0,0,1,1,0,0,False,False,False,False,98.9693
32.0,3.6,4723.9,13.8,,1,0,1,0,0,0,0,0,1,0,0,0,0,1,1,0,0,False,False,False,False,96.32752
41.0,3.7,4669.9,26.6,,0,1,0,0,0,1,0,0,1,0,0,0,0,1,0,0,0,False,False,False,False,91.679405
39.0,3.6,4620.8,24.5,,0,1,0,0,0,1,0,0,1,0,0,0,1,0,0,0,1,False,False,False,False,93.903145
32.0,3.2,4262.6,12.7,,0,1,0,0,0,0,0,0,0,1,0,0,0,1,1,0,0,False,False,False,False,84.91295
,3.5,4579.3,10.2,,0,1,1,0,0,0,0,0,0,1,0,0,0,0,1,0,0,True,False,False,False,84.18125
31.0,3.7,4643.4,11.9,,0,1,0,1,0,0,0,0,1,0,0,0,0,1,1,0,0,False,False,False,False,85.59548
31.0,3.1,4182.2,11.0,,1,0,0,0,1,0,0,0,0,1,0,0,0,1,0,1,0,False,False,False,False,94.130196
43.0,,4713.6,28.2,,0,1,0,0,1,0,0,0,1,0,0,0,0,1,0,0,0,False,True,False,False,92.32291
,,4009.8,22.9,,0,1,1,0,0,0,0,0,0,1,0,0,0,0,0,1,0,True,True,False,False,89.9336
,3.3,4538.6,25.8,,0,1,0,0,0,0,0,0,1,0,0,1,0,0,0,1,0,True,False,False,False,90.69404
26.0,3.4,4436.7,,,0,0,0,1,0,0,1,0,0,0,0,0,0,0,1,0,0,False,False,False,True,92.6781
36.0,3.4,,,,1,0,1,0,0,0,0,1,0,0,0,0,0,1,0,1,0,False,False,True,True,97.604095
35.0,3.9,4682.8,18.9,,0,1,0,0,0,1,0,0,1,0,0,0,0,0,0,0,0,False,False,False,False,88.232956
32.0,3.2,4393.7,,,0,0,0,0,0,1,0,1,0,0,0,1,0,0,0,1,0,False,False,False,True,88.46603
46.0,4.0,,30.0,,1,0,0,0,0,1,0,1,0,0,0,0,0,1,1,0,0,False,False,True,False,103.58597
32.0,,4682.6,13.0,,1,0,1,0,0,0,0,1,0,0,0,1,0,0,1,0,0,False,True,False,False,95.40802
32.0,3.5,4654.9,12.7,,1,0,0,0,1,0,1,0,0,0,0,1,0,0,0,1,0,False,False,False,False,98.80495
31.0,3.5,,11.8,,0,1,0,0,1,0,0,0,0,1,0,0,0,1,0,0,1,False,False,True,False,84.44525
36.0,4.0,4640.9,18.3,,0,0,0,0,0,1,0,0,0,1,0,0,1,0,1,0,0,False,False,False,False,92.55369
29.0,3.9,4690.6,9.8,,0,1,0,0,0,0,0,0,0,0,0,0,0,1,1,0,0,False,False,False,False,84.50355
31.0,4.0,,10.2,,1,0,0,0,0,1,0,0,1,0,0,0,0,0,0,0,1,False,False,True,False,95.54147
26.0,3.2,4335.1,4.1,,0,1,1,0,0,0,0,0,1,0,0,0,0,1,1,0,0,False,False,False,False,85.00174
31.0,3.8,4602.7,,,0,1,0,0,0,0,0,1,0,0,0,0,0,1,1,0,0,False,False,False,True,85.260506
24.0,3.2,,3.1,,1,0,0,0,1,0,0,0,1,0,0,0,0,1,1,0,0,False,False,True,False,94.85848
41.0,4.2,5012.3,27.9,,0,1,0,0,0,1,0,0,0,1,0,0,0,1,1,0,0,False,False,False,False,91.07399
26.0,3.2,,5.8,,0,1,1,0,0,0,0,0,1,0,0,0,0,1,0,1,0,False,False,True,False,85.14878
34.0,4.3,5091.6,16.5,,1,0,0,0,0,1,0,0,1,0,0,1,0,0,1,0,0,False,False,False,False,96.5197
36.0,3.6,4532.2,19.8,,0,1,1,0,0,0,0,1,0,0,0,0,0,1,0,1,0,False,False,False,False,88.106514
41.0,,4540.8,27.3,,0,1,1,0,0,0,1,0,0,0,0,0,1,0,1,0,0,False,True,False,False,96.1906
40.0,,4357.6,25.6,,0,1,0,0,1,0,0,1,0,0,0,1,0,0,0,1,0,False,True,False,False,90.142395
37.0,3.5,4548.0,20.6,,0,1,1,0,0,0,0,0,1,0,0,0,0,1,0,0,1,False,False,False,False,89.618576
34.0,,4775.8,16.5,,0,1,0,0,0,1,0,1,0,0,0,0,0,0,0,0,0,False,True,False,False,87.13901
34.0,4.3,5096.7,16.6,,0,1,0,0,0,0,0,0,0,1,0,0,0,1,1,0,0,False,False,False,False,85.428604
33.0,3.8,4713.6,14.0,,0,1,0,0,0,0,0,0,0,1,0,0,0,1,0,0,0,False,False,False,False,84.95752
32.0,2.8,3324.0,13.9,,1,0,1,0,0,0,0,0,1,0,0,1,0,0,0,1,0,False,False,False,False,96.8125
27.0,3.6,4664.9,5.8,,0,1,1,0,0,0,0,1,0,0,0,0,0,1,0,0,1,False,False,False,False,84.14269
34.0,4.0,,14.9,,0,1,1,0,0,0,0,0,1,0,0,1,0,0,1,0,0,False,False,True,False,86.944115
,,4402.9,19.3,,1,0,0,1,0,0,0,0,0,1,0,0,0,1,1,0,0,True,True,False,False,97.068
32.0,3.6,4670.6,13.1,,0,1,0,0,1,0,0,0,0,0,0,0,0,0,0,0,0,False,False,False,False,85.64757
37.0,,4421.6,21.0,,0,1,0,0,1,0,0,1,0,0,0,0,0,1,1,0,0,False,True,False,False,88.60084
,3.8,4603.7,15.4,,0,1,0,0,0,1,0,1,0,0,0,0,0,1,1,0,0,True,False,False,False,86.32486
,3.5,4666.7,13.0,,0,1,1,0,0,0,0,0,0,1,0,1,0,0,0,1,0,True,False,False,False,84.10443
36.0,,5669.2,,,1,0,0,0,0,1,0,0,0,1,0,0,1,0,0,0,0,False,True,False,True,98.97436
,3.7,4711.9,8.3,,0,1,1,0,0,0,0,0,0,0,0,0,0,1,1,0,0,True,False,False,False,84.53738
39.0,3.5,4517.1,22.5,,1,0,0,0,0,1,0,0,0,1,0,1,0,0,0,1,0,False,False,False,False,98.56729
27.0,,4495.0,6.7,,0,1,0,0,0,1,0,0,0,0,1,0,0,1,1,0,0,False,True,False,False,87.602356
,3.7,4660.1,13.8,,0,1,1,0,0,0,0,0,0,1,0,0,0,1,1,0,0,True,False,False,False,84.9913
39.0,3.8,4590.3,24.1,,1,0,0,0,0,0,0,0,0,0,0,0,0,1,0,1,0,False,False,False,False,100.124565
32.0,,,12.7,,0,1,0,0,0,1,0,1,0,0,0,0,1,0,1,0,0,False,True,True,False,88.250145
31.0,3.4,,11.4,,0,1,0,0,1,0,0,0,0,0,0,0,0,1,0,1,0,False,False,True,False,85.24468
35.0,3.1,4050.4,16.3,,0,1,1,0,0,0,0,0,1,0,0,0,0,0,1,0,0,False,False,False,False,88.42066
32.0,,,12.4,,0,1,0,1,0,0,0,0,0,0,1,0,0,1,0,1,0,False,True,True,False,89.35771
31.0,3.9,,11.8,,0,1,0,0,0,0,0,0,1,0,0,0,1,0,0,0,1,False,False,True,False,88.06207
34.0,,4696.6,17.4,,1,0,0,0,0,1,0,0,0,0,0,0,0,1,0,0,0,False,True,False,False,96.744255
,3.8,4720.1,27.6,,0,1,0,0,1,0,0,0,0,1,0,0,0,1,1,0,0,True,False,False,False,90.344574
25.0,3.1,4055.0,4.5,,0,1,0,0,1,0,0,0,0,1,0,0,0,1,0,0,1,False,False,False,False,83.70408
,,5306.9,24.5,,0,1,0,0,0,0,0,0,0,0,1,0,0,1,1,0,0,True,True,False,False,92.5834
34.0,3.5,4533.7,16.5,,0,1,1,0,0,0,0,0,0,0,0,1,0,0,1,0,0,False,False,False,False,86.13672
,,4700.1,11.9,,1,0,0,0,0,1,0,1,0,0,0,0,0,0,0,0,0,True,True,False,False,95.31117
36.0,3.5,4588.2,18.7,,1,0,1,0,0,0,0,0,0,1,0,0,0,1,0,0,1,False,False,False,False,96.574425
39.0,,4572.5,25.2,,1,0,1,0,0,0,0,0,0,0,1,0,0,1,0,0,0,False,True,False,False,103.54421
40.0,3.4,4539.2,25.1,,1,0,1,0,0,0,0,0,0,0,1,1,0,0,1,0,0,False,False,False,False,104.198265
25.0,3.4,4575.8,3.3,,1,0,0,0,0,1,0,0,0,1,0,1,0,0,0,1,0,False,False,False,False,92.7621
38.0,3.5,4607.8,24.0,,0,1,1,0,0,0,0,0,1,0,0,0,0,1,0,1,0,False,False,False,False,90.491806
33.0,,4636.6,14.1,,1,0,0,0,0,1,0,0,1,0,0,1,0,0,1,0,0,False,True,False,False,96.45209
35.0,2.8,3234.9,17.0,,0,1,1,0,0,0,0,0,0,1,0,0,0,1,1,0,0,False,False,False,False,87.24222
37.0,,4601.2,21.1,,0,1,0,0,0,1,0,0,1,0,0,0,0,1,0,0,0,False,True,False,False,88.8733
31.0,3.5,4692.2,11.0,,0,1,1,0,0,0,0,0,0,1,0,0,0,1,0,1,0,False,False,False,False,84.06222
37.0,,,21.0,,0,0,1,0,0,0,0,1,0,0,0,1,0,0,0,0,1,False,True,True,False,90.61807
39.0,3.0,3923.0,24.6,,0,1,0,0,0,1,0,1,0,0,0,0,0,1,1,0,0,False,False,False,False,90.70808
33.0,3.7,4729.4,13.8,,0,1,1,0,0,0,0,0,0,1,0,0,0,1,1,0,0,False,False,False,False,84.89364
35.0,3.2,4291.8,18.5,,0,1,0,0,0,1,0,0,0,1,0,1,0,0,1,0,0,False,False,False,False,86.008354
41.0,4.2,4883.7,27.0,,0,1,1,0,0,0,0,0,0,1,0,1,0,0,0,1,0,False,False,False,False,90.229294
31.0,3.9,4598.9,11.7,,0,0,0,0,0,1,0,0,0,0,0,1,0,0,0,1,0,False,False,False,False,87.89409
36.0,3.7,4647.5,20.1,,0,1,0,0,0,0,0,0,0,1,0,0,0,1,0,1,0,False,False,False,False,86.94878
28.0,3.5,4691.9,7.3,,0,1,0,0,0,1,0,0,0,1,0,0,0,1,1,0,0,False,False,False,False,83.348175
31.0,3.1,,12.5,,0,1,1,0,0,0,0,0,0,1,0,0,0,0,1,0,0,False,False,True,False,85.1977
45.0,3.4,4481.1,30.2,,1,0,1,0,0,0,0,0,0,1,0,1,0,0,1,0,0,False,False,False,False,101.5041
35.0,3.6,4618.3,,,0,1,0,0,0,1,1,0,0,0,0,0,1,0,1,0,0,False,False,False,True,91.891335
38.0,3.4,4641.5,21.3,,0,0,0,0,0,1,0,0,1,0,0,0,0,1,1,0,0,False,False,False,False,92.301605
30.0,3.9,4689.1,10.0,,0,1,1,0,0,0,0,0,1,0,0,0,1,0,1,0,0,False,False,False,False,87.79344
29.0,3.9,,,,1,0,1,0,0,0,0,1,0,0,0,0,1,0,1,0,0,False,False,True,True,97.05766
,3.5,,15.9,,1,0,0,0,0,0,0,0,0,0,0,0,0,1,1,0,0,True,False,True,False,96.39511
36.0,,4754.0,21.2,,1,0,0,0,1,0,0,0,1,0,0,0,0,1,0,0,1,False,True,False,False,98.56184
41.0,3.6,4707.1,27.2,,1,0,1,0,0,0,0,0,0,0,0,0,0,1,0,0,1,False,False,False,False,101.26719
31.0,2.6,2599.7,10.2,,0,1,0,0,0,1,0,0,0,0,0,0,0,1,0,0,1,False,False,False,False,86.59045
28.0,4.0,4673.6,5.9,,0,0,1,0,0,0,0,0,0,1,0,0,0,0,0,0,1,False,False,False,False,87.38264
34.0,4.1,4802.2,15.4,,0,0,0,0,0,1,0,1,0,0,0,0,0,1,0,0,0,False,False,False,False,89.326294
38.0,3.1,4070.3,21.8,,0,1,1,0,0,0,0,1,0,0,0,0,0,1,0,1,0,False,False,False,False,89.950096
,3.7,4583.8,16.9,,0,0,0,0,1,0,0,0,0,0,1,0,0,1,0,0,0,True,False,False,False,92.65293
,4.1,4857.2,19.1,,1,0,0,0,0,0,0,0,0,1,0,0,1,0,0,0,1,True,False,False,False,99.829865
20.0,,,1.0,,0,1,1,0,0,0,0,0,0,1,0,1,0,0,1,0,0,False,True,True,False,84.09553
47.0,3.3,4457.4,29.7,,1,0,1,0,0,0,0,1,0,0,0,0,0,1,0,1,0,False,False,False,False,102.28512
38.0,3.8,4595.2,,,1,0,1,0,0,0,0,0,1,0,0,0,1,0,1,0,0,False,False,False,True,103.11705
35.0,3.3,,,,0,0,1,0,0,0,0,0,1,0,0,0,1,0,0,1,0,False,False,True,True,93.0319
30.0,3.6,4696.6,10.3,,1,0,0,0,0,0,0,0,0,1,0,1,0,0,0,0,0,False,False,False,False,93.34596
41.0,3.6,4544.5,27.3,,0,1,1,0,0,0,0,0,0,0,0,1,0,0,0,0,0,False,False,False,False,90.75695
26.0,2.9,3667.4,4.2,,0,1,0,0,0,1,0,0,0,0,0,0,0,1,1,0,0,False,False,False,False,84.9188
36.0,3.9,4648.3,18.2,,0,1,1,0,0,0,1,0,0,0,0,0,0,0,0,0,1,False,False,False,False,91.047905
25.0,3.2,,3.6,,0,1,1,0,0,0,0,0,0,1,0,0,0,1,0,1,0,False,False,True,False,83.85725
36.0,3.3,4499.1,,,0,1,1,0,0,0,0,0,0,0,0,0,0,1,0,0,0,False,False,False,True,88.15357
29.0,3.4,4508.0,,,0,1,0,0,1,0,0,0,0,1,0,0,0,1,1,0,0,False,False,False,True,83.9784
42.0,3.6,4734.2,25.9,,0,1,1,0,0,0,0,0,1,0,0,0,0,1,0,1,0,False,False,False,False,91.60796
,3.2,4386.4,10.7,,0,1,0,0,0,1,0,0,0,1,0,0,0,1,0,1,0,True,False,False,False,84.06783
33.0,,,,,1,0,1,0,0,0,0,1,0,0,0,0,0,1,0,0,1,False,True,True,True,95.96429
38.0,3.4,4569.3,22.7,,0,1,0,0,0,1,0,0,0,0,1,0,1,0,1,0,0,False,False,False,False,96.27437
37.0,4.0,4718.1,22.3,,0,1,0,0,0,1,0,0,0,1,0,0,0,1,0,1,0,False,False,False,False,87.75671
,3.2,4296.7,19.4,,0,0,0,0,0,1,0,1,0,0,0,0,0,1,0,0,0,True,False,False,False,91.62579
32.0,3.3,4409.8,13.3,,0,0,0,0,0,1,0,0,0,0,0,0,0,1,1,0,0,False,False,False,False,89.07422
,,5129.3,16.3,,1,0,0,0,0,1,0,1,0,0,0,1,0,0,0,0,1,True,True,False,False,96.189285
41.0,3.4,4543.8,25.7,,1,0,0,0,0,1,0,0,1,0,0,0,0,1,1,0,0,False,False,False,False,101.72898
36.0,4.1,4717.0,20.4,,0,1,1,0,0,0,0,0,0,0,0,0,0,1,1,0,0,False,False,False,False,87.96148
34.0,,4738.6,15.4,,0,1,0,0,0,1,0,0,0,0,0,0,0,1,1,0,0,False,True,False,False,86.73567
36.0,3.3,4500.5,20.5,,1,0,0,0,0,1,0,0,1,0,0,0,0,1,1,0,0,False,False,False,False,98.874954
39.0,3.6,4567.6,24.2,,0,1,1,0,0,0,0,0,1,0,0,0,1,0,0,0,0,False,False,False,False,92.61152
27.0,3.8,4598.4,6.6,,0,1,0,0,0,1,0,1,0,0,0,1,0,0,1,0,0,False,False,False,False,83.69947
40.0,3.7,4687.9,25.2,,0,1,0,0,0,1,0,1,0,0,0,0,1,0,0,0,0,False,False,False,False,93.07139
38.0,,4363.3,22.3,,0,0,0,0,0,1,0,0,0,1,0,0,1,0,1,0,0,False,True,False,False,94.9422
30.0,4.2,,,,1,0,1,0,0,0,0,0,1,0,0,0,0,1,1,0,0,False,False,True,True,95.45795
33.0,,4687.7,15.5,,0,1,1,0,0,0,0,0,0,0,0,0,0,1,0,0,1,False,True,False,False,85.99334
31.0,3.4,4468.4,11.9,,0,1,0,0,0,1,0,0,1,0,0,1,0,0,1,0,0,False,False,False,False,85.52125
35.0,,3903.5,17.9,,1,0,1,0,0,0,0,0,1,0,0,0,0,1,0,1,0,False,True,False,False,98.12864
33.0,4.0,4689.1,15.0,,0,0,1,0,0,0,0,1,0,0,0,1,0,0,1,0,0,False,False,False,False,87.95064
34.0,3.3,4367.4,14.7,,0,1,0,0,0,0,0,0,1,0,0,1,0,0,1,0,0,False,False,False,False,87.0543
39.0,,,22.7,,0,0,0,0,0,1,0,0,0,1,0,0,0,1,1,0,0,False,True,True,False,91.96072
40.0,3.5,4667.7,25.8,,0,0,0,0,0,1,0,0,0,0,0,0,1,0,1,0,0,False,False,False,False,96.418724
,3.1,,16.9,,0,1,0,0,0,1,1,0,0,0,0,0,0,1,0,1,0,True,False,True,False,90.86981
28.0,3.9,4723.7,7.3,,0,1,1,0,0,0,0,1,0,0,0,0,0,0,1,0,0,False,False,False,False,84.84103
,4.4,5446.7,,,0,0,1,0,0,0,0,0,0,1,0,0,0,1,1,0,0,True,False,False,True,89.17665
32.0,3.3,4363.6,14.7,,0,1,0,0,0,1,0,0,1,0,0,0,0,1,1,0,0,False,False,False,False,86.726456
32.0,3.6,4651.7,,,0,1,0,0,0,1,0,0,1,0,0,0,0,1,0,1,0,False,False,False,True,85.99193
43.0,3.3,4528.1,27.7,,0,1,0,0,0,1,0,0,0,1,0,0,0,1,0,1,0,False,False,False,False,91.70004
41.0,3.4,4529.1,26.0,,0,1,0,0,0,0,0,0,0,0,1,1,0,0,1,0,0,False,False,False,False,94.82122
34.0,3.2,,,,0,1,0,0,0,0,0,0,0,1,0,0,0,1,1,0,0,False,False,True,True,86.574196
33.0,3.5,4534.1,,,1,0,0,0,0,1,0,1,0,0,0,1,0,0,0,1,0,False,False,False,True,95.33433
38.0,,,23.3,,1,0,0,0,0,1,0,1,0,0,0,0,1,0,1,0,0,False,True,True,False,102.76649
35.0,,,16.3,,0,1,1,0,0,0,0,0,0,1,0,0,0,1,0,0,0,False,True,True,False,86.63161
38.0,3.8,4694.0,24.2,,0,1,0,0,0,1,0,0,0,0,1,0,0,0,0,0,0,False,False,False,False,94.154686
38.0,3.3,4481.7,22.0,,0,1,0,0,0,1,0,0,0,1,0,1,0,0,1,0,0,False,False,False,False,88.158264
36.0,,4677.4,20.9,,0,1,0,0,0,1,0,0,0,0,0,0,0,1,1,0,0,False,True,False,False,88.113075
31.0,3.8,,12.2,,0,1,0,0,0,1,0,0,1,0,0,0,0,1,1,0,0,False,False,True,False,85.76733
31.0,3.2,4278.2,11.2,,0,0,0,0,1,0,0,1,0,0,0,0,0,0,0,0,0,False,False,False,False,88.91904
42.0,3.7,4543.0,28.1,,0,1,0,0,0,1,0,0,0,0,0,0,0,1,0,0,1,False,False,False,False,92.37808
32.0,3.6,4662.8,14.1,,0,1,0,0,1,0,0,0,0,0,0,0,0,1,1,0,0,False,False,False,False,85.551025
38.0,,4713.1,23.6,,0,1,1,0,0,0,0,0,0,0,0,0,0,1,1,0,0,False,True,False,False,89.622314
,,5432.3,26.5,,0,1,0,0,0,1,0,0,0,1,0,0,1,0,0,1,0,True,True,False,False,91.782265
,,2470.5,,,1,0,1,0,0,0,0,0,0,1,0,0,0,0,1,0,0,True,True,False,True,97.37604
,,4176.8,30.1,,1,0,0,0,0,1,0,0,0,1,0,0,0,1,1,0,0,True,True,False,False,100.86539
35.0,3.3,4495.9,17.5,,0,1,0,0,0,1,0,1,0,0,0,0,1,0,1,0,0,False,False,False,False,89.91619
,3.5,4579.1,9.1,,1,0,1,0,0,0,0,1,0,0,0,0,0,1,1,0,0,True,False,False,False,94.62268
37.0,3.7,4663.6,21.0,,0,1,0,0,0,1,0,0,0,1,0,1,0,0,0,0,1,False,False,False,False,87.1082
,3.4,4546.7,17.4,,1,0,1,0,0,0,0,0,1,0,0,0,0,1,1,0,0,True,False,False,False,97.263824
30.0,3.8,4654.1,,,1,0,1,0,0,0,0,1,0,0,0,0,0,1,0,0,1,False,False,False,True,94.90236
28.0,3.7,,6.4,,0,0,0,1,0,0,0,0,0,1,0,0,0,1,1,0,0,False,False,True,False,87.71021
,3.6,4565.1,19.1,,0,1,0,0,0,1,0,1,0,0,0,0,0,1,1,0,0,True,False,False,False,88.03427
42.0,3.6,4568.1,26.0,,0,1,1,0,0,0,0,0,1,0,0,1,0,0,1,0,0,False,False,False,False,91.20137
27.0,3.3,4395.6,6.3,,0,1,0,0,1,0,0,1,0,0,0,0,1,0,1,0,0,False,False,False,False,87.3036
25.0,3.7,4705.2,,,1,0,1,0,0,0,0,0,0,0,0,0,1,0,1,0,0,False,False,False,True,97.08697
30.0,4.0,4729.1,9.7,,0,0,0,0,0,1,0,0,0,1,0,0,1,0,0,1,0,False,False,False,False,89.62888
38.0,3.7,,21.7,,1,0,0,0,1,0,0,0,0,1,0,0,1,0,1,0,0,False,False,True,False,101.05507
27.0,2.9,,,,0,0,0,1,0,0,0,1,0,0,0,0,0,1,1,0,0,False,False,True,True,88.56037
,,4825.5,23.0,,1,0,1,0,0,0,0,0,1,0,0,0,0,1,1,0,0,True,True,False,False,99.04279
36.0,4.1,,20.0,,1,0,1,0,0,0,0,0,1,0,0,0,0,1,0,1,0,False,False,True,False,98.84382
24.0,3.5,4525.0,0.6,,1,0,0,0,0,1,0,0,0,1,0,0,0,0,1,0,0,False,False,False,False,93.500305
31.0,,,,,0,0,0,0,0,1,0,0,0,1,0,0,0,1,1,0,0,False,True,True,True,88.57645
27.0,3.1,4023.6,5.6,,0,1,0,0,0,1,1,0,0,0,0,0,0,1,0,1,0,False,False,False,False,87.536995
31.0,3.2,4198.5,,,0,1,0,0,0,1,0,0,0,1,0,0,0,1,0,1,0,False,False,False,True,84.80922
38.0,3.9,4770.4,,,1,0,0,0,0,1,0,0,0,1,0,0,0,1,0,1,0,False,False,False,True,97.95641
39.0,3.4,4495.3,22.4,,1,0,0,0,0,1,0,0,0,1,0,0,0,1,1,0,0,False,False,False,False,98.94207
36.0,3.4,4525.4,18.2,,0,1,0,0,0,1,0,1,0,0,0,0,1,0,1,0,0,False,False,False,False,90.51517
,3.9,4613.9,8.2,,0,1,1,0,0,0,0,1,0,0,0,0,0,1,0,0,1,True,False,False,False,84.56341
31.0,3.6,,10.5,,0,1,0,0,0,1,0,0,0,1,0,0,0,1,1,0,0,False,False,True,False,84.34647
39.0,2.7,,,,0,1,0,0,0,1,0,0,0,1,0,0,0,1,0,1,0,False,False,True,True,89.96493
36.0,3.5,4529.0,19.3,,0,1,1,0,0,0,0,0,1,0,0,1,0,0,0,1,0,False,False,False,False,88.320496
38.0,4.0,,22.3,,0,1,1,0,0,0,0,0,1,0,0,0,0,0,0,1,0,False,False,True,False,90.040565
32.0,3.4,,11.5,,0,1,1,0,0,0,0,1,0,0,0,0,0,1,0,1,0,False,False,True,False,85.47192
38.0,,4504.8,21.6,,0,0,0,0,1,0,0,1,0,0,0,0,0,0,1,0,0,False,True,False,False,92.279564
41.0,3.3,4396.9,25.2,,1,0,1,0,0,0,0,0,0,1,0,1,0,0,1,0,0,False,False,False,False,100.02354
,4.1,,8.6,,0,1,0,0,0,0,0,0,0,1,0,0,1,0,1,0,0,True,False,True,False,86.252846
35.0,,4281.0,16.6,,0,1,1,0,0,0,0,0,0,1,0,0,1,0,1,0,0,False,True,False,False,89.24257
37.0,3.2,,21.4,,0,1,1,0,0,0,0,1,0,0,0,0,0,0,1,0,0,False,False,True,False,89.3446
35.0,4.1,4862.5,18.4,,1,0,1,0,0,0,0,0,1,0,0,0,0,1,0,1,0,False,False,False,False,97.57899
36.0,3.9,4666.2,19.4,,0,1,0,0,1,0,0,0,0,1,0,1,0,0,1,0,0,False,False,False,False,86.83809
36.0,3.7,,19.6,,0,1,1,0,0,0,0,0,1,0,0,0,0,1,0,0,0,False,False,True,False,88.39088
41.0,3.5,4616.9,27.2,,0,1,0,0,0,1,0,0,1,0,0,0,0,0,0,1,0,False,False,False,False,92.296715
41.0,,5096.0,26.4,,1,0,0,0,0,1,0,0,0,0,0,0,0,0,0,1,0,False,True,False,False,101.297874
38.0,3.8,4603.7,21.2,,0,0,0,0,0,1,0,0,0,1,0,1,0,0,1,0,0,False,False,False,False,91.43285
34.0,3.8,4750.2,15.5,,0,1,0,0,0,1,0,0,0,1,0,0,0,1,0,0,0,False,False,False,False,85.576164
,,4663.5,,,0,0,0,0,0,0,0,0,0,0,0,1,0,0,0,0,0,True,True,False,True,89.10541
42.0,3.8,,28.4,,1,0,1,0,0,0,0,0,0,1,0,0,0,1,1,0,0,False,False,True,False,102.251755
26.0,3.6,4554.2,5.1,,0,1,0,0,1,0,0,0,0,0,0,0,0,0,0,0,1,False,False,False,False,84.74791
40.0,,4435.3,24.0,,0,1,0,0,0,1,0,0,1,0,0,0,0,1,0,0,0,False,True,False,False,90.99125
35.0,3.1,4101.9,,,1,0,0,0,0,1,0,0,0,1,0,0,0,1,1,0,0,False,False,False,True,97.21698
37.0,2.7,,20.6,,0,0,1,0,0,0,0,0,0,0,0,0,0,1,1,0,0,False,False,True,False,91.854774
40.0,4.2,,25.0,,0,1,1,0,0,0,0,1,0,0,0,0,0,1,1,0,0,False,False,True,False,90.79027
45.0,4.2,4888.6,,,0,0,1,0,0,0,0,0,1,0,0,1,0,0,1,0,0,False,False,False,True,95.27922
29.0,3.4,4519.1,7.3,,0,1,0,0,0,1,0,0,0,1,0,0,0,1,0,0,0,False,False,False,False,83.70116
29.0,3.0,3804.6,7.7,,1,0,0,0,1,0,0,0,0,0,0,0,0,0,0,1,0,False,False,False,False,95.20334
38.0,3.4,4494.2,21.0,,0,1,0,0,0,0,0,0,1,0,0,0,1,0,1,0,0,False,False,False,False,92.32476
,3.3,4462.5,11.4,,0,1,1,0,0,0,0,0,0,1,0,0,0,1,1,0,0,True,False,False,False,84.206764
36.0,3.1,4077.1,,,0,1,1,0,0,0,0,0,1,0,0,0,0,1,1,0,0,False,False,False,True,89.674
,3.2,4253.6,26.0,,1,0,1,0,0,0,0,0,0,1,0,0,0,1,1,0,0,True,False,False,False,99.78003
36.0,,4535.4,18.7,,0,1,1,0,0,0,0,1,0,0,0,0,1,0,0,0,0,False,True,False,False,90.41081
,3.8,4729.2,18.5,,1,0,1,0,0,0,0,0,0,1,0,0,0,0,1,0,0,True,False,False,False,97.276405
31.0,3.3,4416.7,12.5,,0,1,0,1,0,0,0,0,0,1,0,1,0,0,0,1,0,False,False,False,False,83.99911
27.0,4.0,4712.9,5.9,,0,1,1,0,0,0,0,0,0,1,0,0,0,0,1,0,0,False,False,False,False,83.72003
29.0,3.1,,8.0,,0,0,0,1,0,0,0,0,0,1,0,0,0,0,1,0,0,False,False,True,False,88.33966
35.0,3.5,4563.3,17.3,,1,0,0,0,0,0,0,1,0,0,0,0,0,1,1,0,0,False,False,False,False,97.283844
37.0,3.5,4529.9,20.8,,0,1,0,0,0,0,0,0,1,0,0,0,0,1,0,1,0,False,False,False,False,89.291084
41.0,3.6,,25.3,,0,0,1,0,0,0,0,0,1,0,0,0,0,1,1,0,0,False,False,True,False,94.31182
30.0,3.6,,9.4,,0,1,1,0,0,0,0,0,0,1,0,0,0,1,1,0,0,False,False,True,False,83.88477
36.0,4.0,4696.3,20.0,,1,0,0,0,1,0,0,0,1,0,0,1,0,0,0,0,0,False,False,False,False,98.82417
34.0,3.6,4657.4,17.2,,1,0,0,0,0,1,0,0,0,1,0,1,0,0,1,0,0,False,False,False,False,95.4859
34.0,,4791.0,15.2,,0,1,0,0,1,0,0,1,0,0,0,0,0,1,0,0,0,False,True,False,False,86.624855
31.0,3.0,3951.4,,,1,0,0,1,0,0,0,1,0,0,0,0,0,1,0,1,0,False,False,False,True,95.45712
42.0,3.8,4596.5,27.7,,1,0,0,0,0,0,0,0,1,0,0,1,0,0,0,0,0,False,False,False,False,101.33639
35.0,3.5,4634.1,19.6,,0,1,0,0,0,0,0,0,0,1,0,0,0,1,1,0,0,False,False,False,False,86.38317
,3.7,4564.3,16.9,,0,1,0,0,0,1,0,0,0,1,0,0,0,1,1,0,0,True,False,False,False,85.77738
,3.2,4381.9,26.1,,0,1,0,0,0,0,0,1,0,0,0,1,0,0,1,0,0,True,False,False,False,90.52593
38.0,3.7,4698.2,21.5,,0,1,0,0,0,1,0,0,1,0,0,0,0,1,0,0,0,False,False,False,False,89.87102
38.0,3.4,4460.7,21.0,,0,0,1,0,0,0,0,0,0,0,1,0,1,0,1,0,0,False,False,False,False,99.311775
36.0,3.7,4577.5,,,0,1,0,0,0,0,0,0,0,1,0,0,0,1,0,1,0,False,False,False,True,87.160545
,4.0,,8.9,,0,1,0,0,0,1,0,0,0,0,0,0,0,1,1,0,0,True,False,True,False,84.61621
36.0,3.6,4687.7,19.7,,0,1,0,0,0,1,0,0,0,1,0,0,0,1,0,1,0,False,False,False,False,86.89956
34.0,3.7,4652.9,15.5,,0,1,0,1,0,0,0,0,0,1,0,0,0,1,0,0,0,False,False,False,False,85.542656
32.0,,5060.6,12.6,,1,0,0,0,0,0,0,1,0,0,0,0,0,1,1,0,0,False,True,False,False,95.40163
27.0,3.4,4630.2,,,0,1,0,0,0,1,0,1,0,0,0,0,0,0,1,0,0,False,False,False,True,85.01689
24.0,3.0,3965.1,1.7,,0,1,0,0,0,1,1,0,0,0,0,1,0,0,1,0,0,False,False,False,False,86.881966
38.0,,4774.4,21.0,,0,1,0,1,0,0,0,0,0,1,0,0,1,0,0,1,0,False,True,False,False,90.74023
27.0,3.6,4603.7,5.5,,0,0,1,0,0,0,0,0,0,1,0,0,0,1,1,0,0,False,False,False,False,86.97273
29.0,2.9,3628.5,7.7,,0,1,1,0,0,0,0,0,1,0,0,0,0,1,1,0,0,False,False,False,False,85.73858
34.0,3.5,,17.6,,0,1,0,0,1,0,0,0,0,0,0,0,1,0,1,0,0,False,False,True,False,89.35925
37.0,2.9,3522.0,21.7,,0,1,1,0,0,0,0,0,1,0,0,0,1,0,1,0,0,False,False,False,False,92.5969
,3.4,4612.2,26.8,,0,0,1,0,0,0,0,0,0,1,0,0,0,1,0,0,1,True,False,False,False,94.43463
33.0,3.3,4352.6,14.3,,0,0,0,0,0,1,0,0,0,0,0,0,0,1,0,0,1,False,False,False,False,89.292145
34.0,3.4,4625.7,16.0,,0,1,0,1,0,0,0,0,1,0,0,0,0,1,0,0,0,False,False,False,False,87.37248
32.0,4.0,4788.4,13.0,,0,0,1,0,0,0,0,0,0,1,0,0,1,0,1,0,0,False,False,False,False,90.409424
29.0,,4387.7,9.3,,1,0,0,0,0,1,0,0,1,0,0,0,0,1,1,0,0,False,True,False,False,95.12936
33.0,3.4,4547.7,13.9,,0,0,0,0,0,1,0,0,0,0,0,0,1,0,1,0,0,False,False,False,False,91.59279
28.0,3.6,,6.2,,0,1,0,0,0,1,0,1,0,0,0,0,0,1,0,1,0,False,False,True,False,84.60335
42.0,3.6,,27.9,,1,0,0,1,0,0,1,0,0,0,0,0,1,0,1,0,0,False,False,True,False,109.07858
40.0,3.5,4513.7,25.9,,0,1,0,1,0,0,0,0,0,1,0,0,0,1,0,1,0,False,False,False,False,89.995476
38.0,3.1,4054.5,22.2,,0,0,1,0,0,0,0,0,0,0,0,0,0,1,0,0,1,False,False,False,False,92.40864
34.0,3.0,3913.7,16.2,,0,0,1,0,0,0,0,0,1,0,0,0,0,1,1,0,0,False,False,False,False,90.3422
34.0,3.4,4638.5,16.5,,1,0,0,0,0,1,0,0,0,0,0,1,0,0,0,0,1,False,False,False,False,96.2179
34.0,2.8,3221.1,16.5,,0,0,0,0,0,1,0,0,1,0,0,0,0,1,0,1,0,False,False,False,False,90.47607
32.0,,5636.2,13.8,,0,1,0,1,0,0,1,0,0,0,0,0,1,0,1,0,0,False,True,False,False,91.213036
29.0,,3885.7,10.0,,0,1,0,0,0,1,0,0,1,0,0,0,0,1,1,0,0,False,True,False,False,85.52736
34.0,4.2,4871.6,14.5,,0,1,1,0,0,0,0,0,0,0,0,0,0,1,1,0,0,False,False,False,False,86.55119
,3.8,4678.4,22.0,,0,1,0,0,0,1,0,1,0,0,0,0,0,1,1,0,0,True,False,False,False,89.30248
33.0,4.0,4740.9,15.4,,1,0,0,0,0,1,0,0,1,0,0,0,1,0,0,0,1,False,False,False,False,99.30189
25.0,3.5,4661.4,1.7,,0,0,1,0,0,0,0,0,0,0,0,0,1,0,1,0,0,False,False,False,False,89.87146
29.0,3.2,4222.8,9.6,,1,0,1,0,0,0,0,1,0,0,0,1,0,0,1,0,0,False,False,False,False,94.26029
,4.1,,,,0,1,0,0,0,1,0,0,1,0,0,0,0,1,0,0,0,True,False,True,True,88.551926
30.0,,4641.2,9.1,,0,0,0,0,0,1,0,0,0,1,0,1,0,0,1,0,0,False,True,False,False,86.78285
29.0,3.7,4701.3,8.5,,1,0,0,1,0,0,0,1,0,0,0,0,0,0,0,0,0,False,False,False,False,94.90382
31.0,2.9,3490.8,12.1,,0,1,1,0,0,0,0,0,1,0,0,0,0,1,1,0,0,False,False,False,False,86.49443
37.0,3.4,,21.3,,0,1,1,0,0,0,0,0,0,1,0,0,0,1,0,0,1,False,False,True,False,87.82468
27.0,2.5,2176.6,5.4,,0,1,1,0,0,0,0,0,0,1,0,1,0,0,0,0,0,False,False,False,False,85.48896
29.0,4.2,4915.4,8.7,,1,0,0,0,0,0,0,0,0,1,0,1,0,0,0,1,0,False,False,False,False,93.141594
26.0,2.9,3626.3,5.7,,0,1,0,0,1,0,0,0,1,0,0,0,0,1,1,0,0,False,False,False,False,85.30592
33.0,3.2,4391.4,14.9,,0,0,0,0,1,0,0,0,0,1,0,0,0,0,0,0,0,False,False,False,False,89.09502
34.0,3.1,,15.3,,0,0,0,0,0,1,0,0,0,1,0,0,1,0,0,1,0,False,False,True,False,92.10576
28.0,,4574.1,6.4,,0,1,0,0,1,0,0,0,1,0,0,0,0,1,0,0,1,False,True,False,False,84.587715
34.0,3.6,4526.5,,,1,0,0,0,1,0,1,0,0,0,0,1,0,0,0,0,0,False,False,False,True,99.82779
33.0,3.6,4576.5,15.1,,0,1,0,0,0,1,0,1,0,0,0,0,0,1,1,0,0,False,False,False,False,86.081154
40.0,3.4,4542.9,26.1,,0,1,0,0,0,1,0,1,0,0,0,0,1,0,1,0,0,False,False,False,False,93.352066
,3.4,,27.4,,1,0,1,0,0,0,0,0,0,1,0,0,0,1,1,0,0,True,False,True,False,100.21793
,3.7,4730.4,1.1,,0,1,1,0,0,0,0,0,0,1,0,0,0,1,0,0,1,True,False,False,False,83.55346
36.0,3.3,4506.5,20.4,,0,0,0,0,0,1,0,0,0,0,0,0,0,1,1,0,0,False,False,False,False,90.956055
